 1,108831297153.647,7100.974005879834,830.9069962706417,0.600994098931551,0.23000757209956646
 2,108831397567.16301,1087.1229897020385,1191.1150068044662,1.0320072760805488,0.4279863787814975
 3,108831497987.631,997.0770042855293,577.729006181471,1.4359975466504693,0.5229958333075047
 4,108831598422.996,743.0349942296743,593.1170016992837,1.5130062820389867,0.7560010999441147
 5,108831699001.88,1545.3350060852244,2048.5949935391545,1.2469972716644406,0.423009623773396
 6,108831801679.35901,1148.985989857465,4842.1820101793855,0.9389914339408278,0.23000757209956646
 7,108831902057.041,559.6459959633648,380.8820038102567,0.5949987098574638,0.3169989213347435
 8,108832002406.37999,587.3500049347058,346.0040024947375,0.6079935701563954,0.29199873097240925
 9,108832102826.46199,798.913009930402,405.4609889863059,0.7740018190816045,0.8650094969198108
 10,108832203233.896,680.7449972257018,6169.829997816123,0.9500072337687016,0.3400054993107915
 11,108832305781.563,814.263999927789,828.9480028906837,0.6280024535953999,0.377985998056829
 12,108832406214.606,1479.9019991187379,926.0420047212392,0.733998604118824,0.31899253372102976
 13,108832506749.935,800.6360003491864,480.93500663526356,1.1929951142519712,0.32399839255958796
 14,108832607132.613,675.677991239354,349.35600706376135,0.8499919204041362,0.3630120772868395
 15,108832707527.907,824.0040042437613,580.9159920318052,1.6410049283877015,0.8540082490071654
 16,108832808026.19,837.6979967579246,688.2599991513416,0.8189963409677148,0.3180030034855008
 17,108832908708.474,679.7989917686209,573.468001675792,0.600004568696022,0.15800469554960728
 18,108833009182.083,840.5870030401275,876.106001669541,0.9380019037052989,0.25999906938523054
 19,108833109626.854,1242.166996235028,1417.5190008245409,1.6650010365992785,0.5610054358839989
 20,108833210008.423,724.8960027936846,768.5359887545928,0.8180068107321858,0.4530011210590601
 21,108833310365.216,575.7779872510582,473.2310044346377,0.8520000847056508,0.30999945010989904
 22,108833410819.845,714.0340021578595,552.2900028154254,0.7259950507432222,0.29800867196172476
 23,108833511441.476,650.960995699279,1133.5199960740283,0.7519993232563138,0.19700382836163044
 24,108833611772.086,524.4539934210479,768.2290015509352,0.5979964043945074,0.16400008462369442
 25,108833712214.886,957.2819981258363,530.7329993229359,0.9489885997027159,0.47800131142139435
 26,108833812550.523,898.0040001915768,646.3159952545539,1.267006155103445,0.6390037015080452
 27,108833912898.937,550.4200089490041,388.6259946739301,0.7710041245445609,0.3500026650726795
 28,108834013435.163,1102.8050066670403,1302.3969950154424,1.205000444315374,0.3180030034855008
 29,108834113827.82399,663.1490105064586,676.2769917258993,0.7740018190816045,0.23900065571069717
 30,108834214236.60701,751.1659932788461,796.688997070305,0.8960050763562322,0.1489970600232482
 31,108834314654.612,1261.1580023076385,1886.7519975174218,1.1689990060403943,0.5970068741589785
 32,108834415022.274,582.319000386633,460.59899614192545,0.6990012479946017,0.3850000211969018
 33,108834515445.776,1080.3229961311445,707.0519932312891,0.9799987310543656,0.44600164983421564
 34,108834616026.809,1068.9009941415861,1025.8480033371598,1.877997419796884,0.7220078259706497
 35,108834716547.47801,967.3829918028787,470.7750049419701,1.1829979484900832,0.6839982233941555
 36,108834816973.113,1052.0029900362715,871.2380076758564,1.3200042303651571,1.034990418702364
 37,108834917487.44,1189.4490016857162,1128.1899933237582,1.5260011423379183,0.5809997674077749
 38,108835017909.24,771.5929968981072,657.3290011147037,0.7319904398173094,0.15999830793589354
 39,108835118201.083,624.2090021260083,295.4540104838088,0.5409965524449944,0.35999983083456755
 40,108835218571.701,794.274004874751,757.6759962830693,0.9130017133429646,0.5089968908578157
 41,108835318942.377,661.8660117965192,639.7339893737808,0.824002199806273,0.17399725038558245
 42,108835419397.18599,1229.8180081415921,827.3739949800074,0.8920032996684313,0.21999585442245007
 43,108835519821.851,887.1589961927384,847.6729999529198,0.9899958968162537,0.34300319384783506
 44,108835620224.299,674.9020103598014,610.1489998400211,1.001986674964428,0.6860063876956701
 45,108835720591.88701,750.0459905713797,735.6480055022985,1.171007170341909,0.17198908608406782
 46,108835821035.36899,846.4340062346309,466.9259942602366,1.2119999155402184,0.4450121195986867
 47,108835921403.114,577.2889999207109,411.5030023967847,0.7359922165051103,0.5420006345957518
 48,108836021843.52701,646.0789882112294,454.6039999695495,0.8120114216580987,0.39998849388211966
 49,108836122237.54,645.0549990404397,598.8129996694624,1.014006556943059,0.543994246982038
 50,108836222608.188,791.2819855846465,548.6200097948313,0.9079958545044065,0.4220055416226387
 51,108836323064.044,1091.329992050305,797.5180051289499,1.214008079841733,0.44998887460678816
 52,108836423627.11,921.4310121024027,745.6559978891164,0.9560026228427887,0.7499911589547992
 53,108836524308.728,3493.206007988192,990.9469954436645,1.6239937394857407,0.7820053724572062
 54,108836625039.811,2565.0919997133315,3103.8379966048524,1.1619995348155499,0.4070025170221925
 55,108836725692.548,1108.7239981861785,1465.8169966423884,1.677006366662681,0.7420021574944258
 56,108836826288.864,1180.3189991042018,825.3099949797615,1.3300013961270452,0.724001438356936
 57,108836926756.599,889.7899970179424,1711.7090028477833,1.4840043149888515,0.6389891495928168
 58,108837027074.07701,600.7629999658093,647.5720001617447,0.610991264693439,0.5799956852570176
 59,108837127484.079,1315.3360050637275,3933.505999157205,1.615990186110139,0.48700894694775343
 60,108837227980.02899,1374.5150063186884,1004.5859962701797,0.9840005077421665,0.2309971023350954
 61,108837328527.18,1234.3420094111934,1029.0029895259067,1.3630051398649812,0.5039910320192575
 62,108837437353.664,1335.8709984458983,7279.293000465259,1.2119999155402184,0.38598955143243074
 63,108837541766.35599,744.1720081260428,362.777995178476,0.600004568696022,0.31500530894845724
 64,108837644465.056,811.4619995467365,866.4839988341555,0.5150068318471313,0.23900065571069717
 65,108837744918.51399,850.3199933329597,806.0300024226308,1.043008523993194,0.39099541027098894
 66,108837845331.414,895.1809868449345,876.3760124566033,1.044987584464252,0.21600862964987755
 67,108837945915.36801,926.2499952455983,851.7859969288111,1.410007826052606,0.5829933797940612
 68,108838046368.22499,768.0090056965128,651.2929976452142,0.7750059012323618,0.40099257603287697
 69,108838146735.029,522.9329981375486,638.1909915944561,0.6620102794840932,0.23399479687213898
 70,108838247070.407,665.2820011368021,746.352001442574,0.9639916243031621,0.5760084604844451
 71,108838347527.673,892.522992216982,2965.0799988303334,2.09901190828532,1.591994077898562
 72,108838447854.55899,644.3460006266832,686.2390000605956,0.934000127017498,0.36500568967312574
 73,108838548307.565,775.633001467213,415.93199421186,0.93701237346977,0.5490001058205962
 74,108838648765.81,876.3220102991909,664.3999950028956,1.6739941202104092,0.857005943544209
 75,108838749121.616,719.5759972091764,500.17899775411934,1.2070086086168885,0.433996319770813
 76,108838849536.298,805.7359955273569,554.2790022445843,1.1310039553791285,0.9819923434406519
 77,108838949914.184,1120.2460009371862,1290.4119939776137,1.124994014389813,0.27799978852272034
 78,108839050356.243,909.3929984373972,739.5090069621801,1.1569936759769917,0.5600013537332416
 79,108839150685.706,657.2050042450428,389.23000101931393,0.7479975465685129,0.27399801183491945
 80,108839251224.191,1230.1189999561757,1045.7860043970868,1.8040009308606386,0.44099579099565744
 81,108839351733.311,1076.796994311735,1056.2770039541647,0.9149953257292509,0.7539929356426001
 82,108839452258.06801,815.5010000336915,842.7699940511957,0.6969930836930871,0.5390029400587082
 83,108839552726.897,877.710001077503,703.1499990262091,1.1079973774030805,0.13899989426136017
 84,108839653094.184,25393.24799727183,1432.3689974844456,1.7520069377496839,0.4609901225194335
 85,108839753541.26,879.3050074018538,425.87298958096653,0.6059999577701092,0.3320019459351897
 86,108839854001.855,1445.3220064751804,430.1919980207458,0.7539929356426001,0.5030015017837286
 87,108839954448.25099,712.9000005079433,668.3480023639277,1.1890078894793987,0.3629975253716111
 88,108840054785.987,511.96699496358633,378.91700048930943,0.6110058166086674,0.30599767342209816
 89,108840155199.446,842.8919973084703,413.0320012336597,0.8880015229806304,0.3500026650726795
 90,108840255757.45,932.1329998783767,3746.898000827059,2.0750012481585145,0.7580092642456293
 91,108840356135.355,683.2469953224063,10380.585008533671,1.511987647973001,0.33801188692450523
 92,108840461005.90399,6097.425008192658,2975.101990159601,1.0030053090304136,0.5740002961829305
 93,108840561377.09,741.0070102196187,649.4939880212769,0.7830094546079636,0.4969915607944131
 94,108840661724.297,521.6100107645616,413.29499799758196,0.6780028343200684,0.5199981387704611
 95,108840762022.882,625.8189969230443,322.5389955332503,0.6420013960450888,0.35999983083456755
 96,108840862407.003,962.0709897717461,639.0800117515028,1.0929943528026342,0.2939923433586955
 97,108840963009.15599,4610.731004504487,7267.338005476631,1.3629905879497528,0.3190070856362581
 98,108841074003.31,1079.4289992190897,11128.02499847021,1.034000888466835,0.5019974196329713
 99,108841175145.049,876.0880009504035,8593.21300231386,2.0320003386586905,1.0049989214166999
 100,108841285824.58499,1130.9390101814643,3194.6639937814325,1.0329968063160777,0.4750036168843508
 101,108841386176.409,571.894008317031,363.77599462866783,0.6860063876956701,0.36400160752236843
 102,108841486602.022,607.6619902160019,550.2010026248172,0.6059999577701092,0.32299431040883064
 103,108841587028.12799,753.7760102422908,394.9800011469051,0.6659975042566657,0.6070040399208665
 104,108841687449.132,636.47999195382,632.8669987851754,1.3620010577142239,0.3220047801733017
 105,108841787828.784,952.0820021862164,463.853997644037,0.5979964043945074,0.3770110197365284
 106,108841888340.276,647.2000095527619,877.0819986239076,0.7119961082935333,0.14799297787249088
 107,108841988715.686,548.9399918587878,314.4020010950044,0.5510082701221108,0.23999018594622612
 108,108842089142.67299,2465.2160063851625,815.1499932864681,0.8060014806687832,0.42001192923635244
 109,108842189556.08,1529.866989585571,735.161011107266,1.801992766559124,0.8540082490071654
 110,108842289997.115,1200.7079931208864,647.1100059570745,1.334992703050375,0.43300678953528404
 111,108842390380.193,826.168994535692,508.85500968433917,0.6089976523071527,0.31899253372102976
 112,108842490843.78499,1201.8429988529533,718.1690016295761,0.5890033207833767,0.17099955584853888
 113,108842591275.459,1074.0709985839203,723.8170073833317,0.990999978967011,0.3119930624961853
 114,108842691736.96901,1140.4049873817712,1044.025004375726,1.4310062397271395,0.6749905878677964
 115,108842792321.537,980.3120046854019,643.3469970943406,0.9990035323426127,0.5920010153204203
 116,108842892839.171,1353.4369936678559,1568.316001794301,1.7319980543106794,0.6360060069710016
 117,108842993199.502,1006.0130007332191,2123.8949993858114,1.4230026863515377,0.7499911589547992
 118,108843093684.71901,681.7660032538697,332.55599555559456,0.8960050763562322,0.31899253372102976
 119,108843194125.28401,1159.5889955060557,508.69499682448804,0.7260096026584506,0.43198815546929836
 120,108843294609.181,1448.4860002994537,831.8909967783839,1.605003490112722,0.943997292779386
 121,108843395343.515,1130.96900167875,445.7909963093698,1.1270021786913276,0.4299945430830121
 122,108843497110.087,894.9359908001497,1518.3409996097907,0.8690112736076117,0.22099993657320738
 123,108843601793.657,778.3110049786046,683.0579950474203,0.7119961082935333,0.3770110197365284
 124,108843702222.864,551.0360060725361,325.98098914604634,0.7580092642456293,0.37399877328425646
 125,108843802613.732,750.241000787355,382.5449966825545,1.1550000635907054,0.676998752169311
 126,108843903434.768,1038.8410009909421,1569.120999192819,0.857005943544209,0.3309978637844324
 127,108844004985.536,1195.4579968005419,850.7900056429207,1.1850061127915978,0.48599031288176775
 128,108844105293.22299,632.7770097414032,327.9090014984831,0.9559880709275603,0.6860063876956701
 129,108844205677.108,622.9860009625554,377.0360053749755,0.576997990719974,0.3169989213347435
 130,108844306045.21701,745.7180035999045,849.6269874740392,0.7560010999441147,0.6730115273967385
 131,108844406410.09999,2539.171007811092,4038.364000734873,1.4989927876740694,0.6810005288571119
 132,108844506771.681,531.1569984769449,634.9580071400851,1.034990418702364,0.6629998097196221
 133,108844607224.062,1212.5670036766678,723.2630014186725,0.8280039764940739,0.4149915184825659
 134,108844707721.738,984.7110050031915,521.6819990891963,1.3569951988756657,0.9930081432685256
 135,108844808262.22499,1033.4280086681247,406.4410022692755,0.7999915396794677,0.4489993443712592
 136,108844908597.114,658.1969937542453,489.71400246955454,0.7369962986558676,0.41100429370999336
 137,108845010265.914,1193.4060021303594,3872.815999784507,1.8099963199347258,0.9320065146312118
 138,108845110766.474,1089.5320010604337,1149.613002780825,1.624997821636498,0.6880000000819564
 139,108845211244.693,699.8669996391982,797.9890069691464,0.9959912858903408,0.3630120772868395
 140,108845311714.69899,704.9459964036942,845.2740003122017,1.1970114428550005,0.6389891495928168
 141,108845412196.87001,901.5089890453964,628.8910080911592,1.3809913070872426,0.6910122465342283
 142,108845512564.414,721.3419885374606,666.3530075456947,0.9259965736418962,0.266998540610075
 143,108845612945.396,738.3829943137243,364.5490069175139,0.9249924914911389,0.3349996404722333
 144,108845714291.072,606.3420005375519,445.9909978322685,0.5370093276724219,0.29998773243278265
 145,108845814678.632,1217.5690062576905,1409.6369995968416,1.2199889170005918,0.7220078259706497
 146,108845915026.46,856.2970033381134,5374.606000259519,0.8759961929172277,0.3390014171600342
 147,108846015316.623,1006.9279960589483,513.5480023454875,0.9170034900307655,0.47800131142139435
 148,108846115728.79,807.3280041571707,643.6349940486252,1.1329975677654147,0.5780020728707314
 149,108846216245.625,1033.0710065318272,3156.8450067425147,2.2379972506314516,0.5049951141700149
 150,108846316740.18001,1667.1740013407543,1006.0339991468936,1.4639954315498471,1.191001501865685
 151,108846417153.851,738.8009980786592,502.93401000089943,1.2199889170005918,0.7640046533197165
 152,108846517705.43501,1107.541989767924,958.0710029695183,1.5130062820389867,0.7319904398173094
 153,108846618115.226,855.3869993193075,853.3600048394874,0.9759969543665648,0.26200723368674517
 154,108846718477.56,816.1699952324852,542.19200683292,0.8479983080178499,0.6469927029684186
 155,108846818878.99101,829.5019943034276,876.7889958107844,1.0310031939297915,0.3820023266598582
 156,108846919260.39801,923.1939911842346,604.5740010449663,1.205000444315374,0.4400062607601285
 157,108847019731.803,1123.7980070291087,10836.574991117232,1.5250116121023893,0.3789900802075863
 158,108847120646.176,956.6759981680661,1077.7010029414669,0.5490001058205962,0.29700458981096745
 159,108847222451.652,840.8200083067641,289.5910001825541,0.8100032573565841,0.3519962774589658
 160,108847323040.7,1117.0290090376511,593.11899531167,1.1469965102151036,0.5440087988972664
 161,108847423378.49501,818.1960001820698,734.4459882006049,1.0520016076043248,0.490006641484797
 162,108847523934.66699,1224.85299652908,648.7960054073483,0.9850045898929238,0.5049951141700149
 163,108847624786.573,1342.8430102067068,676.626994390972,1.291002263315022,0.5869951564818621
 164,108847725250.795,592.1849951846525,441.0319961607456,1.1730007827281952,0.25999906938523054
 165,108847825688.714,932.1169927716255,780.6970097590238,1.9439903553575277,1.4310062397271395
 166,108847926058.703,653.4970016218722,632.0130050880834,0.6379996193572879,0.3839959390461445
 167,108848026396.659,611.672003287822,407.2379961144179,1.1850061127915978,0.6629998097196221
 168,108848126787.164,887.8959924913943,1860.9960097819567,1.5859986888244748,0.6719928933307528
 169,108848227266.488,23949.715003254823,559.5429975073785,0.5839974619448185,0.39099541027098894
 170,108848327754.267,970.398003119044,741.8799941660836,0.9190116543322802,1.353997504338622
 171,108848428131.17099,685.7040134491399,600.3029993735254,0.8719944162294269,0.4070025170221925
 172,108848528445.524,761.4350033691153,771.426988649182,0.9720097295939922,1.2769887689501047
 173,108848628817.795,1474.4679938303307,842.3280087299645,1.101987436413765,0.3310124156996608
 174,108848729197.149,876.0509954299778,472.91199734900147,0.6850023055449128,0.4210014594718814
 175,108848829646.131,763.7509988853708,556.950006284751,0.6629998097196221,0.400003045797348
 176,108848930110.569,833.1850112881511,529.297991306521,0.8180068107321858,0.333995558321476
 177,108849031537.787,558.7729974649847,347.56099921651185,0.7449998520314693,0.3440072759985924
 178,108849131884.478,1685.4089917615056,658.6430099559948,1.024993252940476,0.4850007826462388
 179,108849232228.832,662.3520021094009,419.30199950002134,0.8649949450045824,0.5379988579079509
 180,108849332680.354,1103.3760092686862,573.7399915233254,0.9640061762183905,0.5609908839687705
 181,108849433124.727,1469.3949924549088,948.054002947174,1.210995833389461,0.6170012056827545
 182,108849533508.078,665.4789904132485,644.9759966926649,0.7910130079835653,0.510000973008573
 183,108849634016.297,1128.6359949735925,612.1199985500425,1.2689997674897313,0.9710056474432349
 184,108849734420.008,1152.7400056365877,883.9649963192642,1.6870035324245691,0.9859941201284528
 185,108849835324.621,923.1320000253618,1976.033003302291,2.549000782892108,0.6089976523071527
 186,108849935828.756,1619.221002329141,721.54299414251,0.5979964043945074,0.6610061973333359
 187,108850036266.48001,665.0419963989407,455.80699224956334,0.657004420645535,0.22799940779805183
 188,108850136633.466,660.5810049222782,600.0519933877513,0.9259965736418962,0.5010078893974423
 189,108850237135.15001,1231.9829984335229,568.6939985025674,2.0080042304471135,1.1599913705140352
 190,108850338042.57,1714.215992251411,2464.732009684667,1.691994839347899,0.6729969754815102
 191,108850438666.356,1405.9509994694963,670.619003358297,0.6869959179311991,0.7759954314678907
 192,108850539483.63501,1222.0569915371016,630.2510009845719,0.6970076356083155,0.47699722927063704
 193,108850640244.504,1265.908998902887,1848.0580038158223,0.6560003384947777,0.22699532564729452
 194,108850740797.993,2037.2090075397864,3626.66898581665,1.410007826052606,0.6420013960450888
 195,108850842673.48401,1111.1609928775579,1100.0590020557866,0.9750074241310358,0.36400160752236843
 196,108850945212.831,885.2900064084679,4138.053001952358,0.6479967851191759,0.3349996404722333
 197,108851048584.35399,794.8100101202726,911.0919927479699,0.8299975888803601,0.35601260606199503
 198,108851148871.179,600.7259944453835,621.0740102687851,0.6969930836930871,0.39199949242174625
 199,108851258944.274,4102.879000129178,7545.130007201806,1.920998329296708,1.2800010154023767
 200,108851364537.506,722.2660060506314,813.2709917845204,0.6040063453838229,0.20700099412351847
 201,108851481796.696,1133.8710028212517,7636.366004589945,0.9049981599673629,0.567000824958086
 202,108851582148.523,559.7550043603405,3263.777995016426,3.05499997921288,2.0809966372326016
 203,108851695462.34799,2230.815007351339,10079.647996462882,2.3710017558187246,1.4059914974495769
 204,108851797753.472,1358.435009024106,13239.544990938157,1.305001205764711,0.37500285543501377
 205,108851898122.197,666.4149987045676,4665.383996325545,0.6760092219337821,0.2569868229329586
 206,108852005961.25099,5918.211012613028,20154.977988568135,0.8860079105943441,0.457002897746861
 207,108852106788.274,3393.9109998755157,4015.7390030799434,0.990999978967011,0.4299945430830121
 208,108852209956.571,973.8290100358427,10448.99199041538,0.8960050763562322,0.4879984771832824
 209,108852318724.132,2525.2060004277155,1204.1970039717853,0.8979986887425184,0.41500607039779425
 210,108852426557.56801,1037.0989912189543,655.1330006914213,0.9010109351947904,0.43598993215709925
 211,108852527198.416,703.9789925329387,337.07400143612176,0.790998456068337,0.41100429370999336
 212,108852627560.383,787.961995229125,429.5630060369149,0.733998604118824,0.3979948814958334
 213,108852727966.614,1200.8339981548488,1266.5150134125724,1.177992089651525,0.3519962774589658
 214,108852828336.131,524.4499916443601,310.7250086031854,0.7329945219680667,0.23400934878736734
 215,108852928722.19101,593.1149935349822,840.3399988310412,0.7979979272931814,0.3989989636465907
 216,108853037755.95401,834.3899971805513,1167.5439891405404,0.9850045898929238,0.467000063508749
 217,108853138112.53,885.2530008880422,3598.0140091851354,0.877989805303514,0.3349996404722333
 218,108853238589.38301,980.5939916986972,1263.533005840145,0.7639901014044881,0.366999302059412
 219,108853338916.531,580.733991228044,430.94600550830364,0.6920017767697573,0.2839951775968075
 220,108853439718.329,899.1200011223555,440.77100756112486,0.7749913493171334,0.3019958967342973
 221,108853540439.62599,1807.4160034302622,1841.0439952276647,1.9660074030980468,0.4489993443712592
 222,108853641911.55801,814.207989606075,516.1580047570169,0.8060014806687832,0.44300395529717207
 223,108853742453.34001,1687.472002231516,1349.8429907485843,1.6600097296759486,0.4119938239455223
 224,108853842918.135,882.6450066408142,365.14400562737137,0.9329960448667407,0.3519962774589658
 225,108853943325.082,709.4769971445203,410.345004638657,0.8280039764940739,0.35599805414676666
 226,108854043730.41,732.0029981201515,428.36100328713655,1.0609946912154555,0.4930043360218406
 227,108854144157.966,725.837002391927,5131.876998348162,0.8770002750679851,0.3659952199086547
 228,108854244559.202,654.7820084961131,9068.500992725603,0.8940114639699459,0.29099464882165194
 229,108854345816.265,1613.824992091395,747.3419973393902,1.453998265787959,0.6410118658095598
 230,108854446251.295,889.0989993233234,545.853006769903,1.0469957487657666,0.6040063453838229
 231,108854546731.61699,964.4899982959032,557.6960102189332,0.9469949873164296,0.2870074240490794
 232,108854647164.08899,812.2370054479688,567.9460009559989,1.334992703050375,0.9200011845678091
 233,108854747498.08899,682.7019969932735,392.3860058421269,0.7860071491450071,0.4169996827840805
 234,108854847922.303,633.4320059977472,406.57600038684905,0.9639916243031621,0.45499473344534636
 235,108854948507.24501,966.0159994382411,725.6940007209778,1.14399881567806,0.4379980964586139
 236,108855048949.63899,870.0140024302527,1068.5230081435293,1.2419914128258824,0.40599843487143517
 237,108855149403.265,928.993002162315,766.939003369771,0.7990020094439387,0.5350011633709073
 238,108855249840.022,902.8450003825128,531.7839968483895,0.5289912223815918,0.3870081854984164
 239,108855350188.135,593.8579997746274,808.1240084720775,0.5619949661195278,0.14000397641211748
 240,108855456984.75,2157.285009161569,7900.470998720266,0.8810020517557859,0.36899291444569826
 241,108855557554.913,1159.862003987655,351.2370021780953,0.6429909262806177,0.38300640881061554
 242,108855657952.187,1066.643002559431,520.8060028962791,0.7369962986558676,0.46100467443466187
 243,108855758348.269,818.6210034182295,448.0969946598634,0.7420021574944258,0.4220055416226387
 244,108855858787.045,510.35000069532543,289.7429949371144,0.6199989002197981,0.300002284348011
 245,108855959113.814,572.8370015276596,307.34601023141295,0.720989191904664,0.49499794840812683
 246,108856059443.43501,483.3489947486669,428.0889988876879,0.9609939297661185,0.3450113581493497
 247,108856159876.96301,1109.0309999417514,709.2519954312593,0.9819923434406519,0.5030015017837286
 248,108856260384.451,1008.6870024679229,1896.727000712417,1.205000444315374,0.40099257603287697
 249,108856360821.979,885.6609929352999,4824.1870099445805,1.401989720761776,0.4050089046359062
 250,108856461313.094,953.0670067761093,587.2199981240556,0.76700234785676,0.29600050766021013
 251,108856561605.302,720.5149886431172,703.0550041235983,0.9159994078800082,0.4400062607601285
 252,108856667986.852,552.6000022655353,358.09099790640175,0.7729977369308472,0.35999983083456755
 253,108856768331.90001,581.7689961986616,351.69000329915434,0.6810005288571119,0.5039910320192575
 254,108856868670.885,639.6990065695718,501.835995237343,0.6329937605187297,0.36600977182388306
 255,108856968994.299,541.6680069174618,321.51699997484684,0.5140027496963739,0.18900027498602867
 256,108857071097.85901,713.0229932954535,1610.526000149548,0.6610061973333359,0.5229958333075047
 257,108857171567.235,1042.1129991300404,620.8359991433099,1.2890086509287357,0.6329937605187297
 258,108857271957.89299,932.6720028184354,1433.2529972307384,0.8150091161951423,0.2809974830597639
 259,108857372386.112,551.2089992407709,293.4200019808486,0.576997990719974,0.4070025170221925
 260,108857472779.20001,634.1959960991517,1950.076999492012,0.7810012903064489,0.2629967639222741
 261,108857573240.319,1206.716988235712,1258.3540083141997,1.1319934856146574,0.2710003172978759
 262,108857673798.962,3318.65600310266,3018.21599714458,1.3179960660636425,0.2809974830597639
 263,108857774281.151,983.8060068432242,796.0619986988604,1.2230011634528637,0.8249917300418019
 264,108857874793.681,1332.619009190239,667.172993416898,1.444001100026071,0.9619980119168758
 265,108857975355.912,806.7869930528104,552.2480059880763,1.1749943951144814,0.3990135155618191
 266,108858075872.808,961.0350098228082,898.9919879240915,1.304011675529182,0.7060007192194462
 267,108858176506.321,1478.189995395951,17876.07900041621,0.8829956641420722,0.3550085239112377
 268,108858276951.89801,783.6839940864593,606.2280008336529,1.2029922800138593,0.9420036803930998
 269,108858377555.373,684.5490133855492,553.4679949050769,0.6969930836930871,0.3440072759985924
 270,108858478344.901,1010.4579996550456,1057.9439986031502,0.8100032573565841,0.25700137484818697
 271,108858579020.42,1389.5330048399046,709.3679887475446,1.2920063454657793,0.9219947969540954
 272,108858681172.906,1177.2529978770763,849.9600080540404,1.6369885997846723,0.8690112736076117
 273,108858781628.68,774.7380004730076,1307.837010244839,1.1749943951144814,0.5229958333075047
 274,108858882031.584,1208.2049943273887,1673.57201280538,1.8949940567836165,0.14199758879840374
 275,108858982444.935,860.1239969721064,745.9400076186284,0.7390044629573822,0.32399839255958796
 276,108859082770.10301,625.84898842033,564.7840007441118,0.5629990482702851,0.3090099198743701
 277,108859183295.541,1083.942988771014,1486.3460091874003,1.4029938029125333,0.4350004019215703
 278,108859283836.887,1607.5839957920834,1627.9270057566464,1.1170050129294395,0.35398988984525204
 279,108859384311.427,1133.5989984218031,774.95799632743,1.0720104910433292,1.491993316449225
 280,108859484851.04799,1121.60001299344,970.1329981908202,1.8759892554953694,0.9500072337687016
 281,108859585467.933,2045.0540032470599,978.4580033738166,1.734995748847723,0.6250047590583563
 282,108859686190.419,1429.9369940999895,3267.9010037099943,0.7280032150447369,0.3040040610358119
 283,108859786620.36,918.4109949273989,932.2180121671408,1.077991328202188,0.5710026016458869
 284,108859886988.867,878.8580016698688,795.9599897731096,1.3300013961270452,0.7600028766319156
 285,108859987384.409,1730.5279907304794,411.98800317943096,0.6080081220716238,0.38198777474462986
 286,108860087912.147,702.1630008239299,381.40598917379975,0.7690105121582747,0.4939938662573695
 287,108860188387.774,907.1809909073636,1754.0679982630536,1.5520054148510098,0.48200308810919523
 288,108860288798.619,739.922994398512,632.4569985736161,1.0220101103186607,0.52098766900599
 289,108860389493.38,1534.7320004366338,837.4829922104254,1.581996912136674,0.3860041033476591
 290,108860489948.82199,917.7920001093298,2081.386002828367,1.7190031940117478,0.6039917934685946
 291,108860592574.45201,1313.1899904692546,2168.450999306515,1.038002665154636,0.49099617172032595
 292,108860693020.26001,933.873001486063,771.5009996900335,0.9719951776787639,0.553991412743926
 293,108860793376.781,692.8099901415408,389.8310096701607,1.2370001059025526,0.48200308810919523
 294,108860894372.834,731.3000096473843,425.6429965607822,0.667001586407423,0.2860033418983221
 295,108860994793.843,787.8409960540012,990.6760096782818,0.8259958121925592,0.32299431040883064
 296,108861095122.944,595.7270041108131,757.4869960080832,0.8409988367930055,0.28300564736127853
 297,108861195458.469,716.8300071498379,405.21299524698406,0.9360082913190126,0.6479967851191759
 298,108861295868.849,1152.1109991008416,1708.8790045818314,0.9709910955280066,0.25899498723447323
 299,108861396315.168,1281.8090035580099,1148.7709998618811,1.5760015230625868,0.9189971024170518
 300,108861496705.049,707.1500003803521,685.6100080767646,0.7019989425316453,0.4629982868209481
 301,108861598339.627,624.9809957807884,337.87800930440426,0.7799972081556916,0.4429894033819437
 302,108861698909.92899,992.9600055329502,14045.525007531978,0.7669877959415317,0.4440080374479294
 303,108861799247.52,714.3450056901202,425.7269902154803,1.0980002116411924,0.49801019486039877
 304,108861899829.063,1317.6240026950836,997.8260059142485,1.3319950085133314,0.5519978003576398
 305,108862000432.05,821.8830043915659,560.2059973170981,0.5850015440955758,0.3829918568953872
 306,108862100872.653,1000.6520024035126,848.245996166952,0.5379988579079509,0.3180030034855008
 307,108862201319.179,829.9589972011745,804.3779962463304,1.5330006135627627,0.5610054358839989
 308,108862301835.381,1708.023002720438,1248.2709862524644,1.0750081855803728,0.5210022209212184
 309,108862402252.067,572.8240066673607,336.05899079702795,0.6980117177590728,0.3809982445091009
 310,108862502752.88599,1083.7670124601573,1526.916996226646,1.815002178773284,0.4390021786093712
 311,108862603130.623,772.1029978711158,672.8480075253174,0.6579939508810639,0.8960050763562322
 312,108862703568.507,1265.6799954129383,494.1820079693571,1.020991476252675,0.6100017344579101
 313,108862804009.044,896.6929890448228,732.5500046135858,1.1060037650167942,0.7950002327561378
 314,108862904402.061,662.8160044783726,738.7549994746223,0.7880007615312934,0.2479937393218279
 315,108863004859.834,748.2119981432334,808.1089908955619,1.1980009730905294,0.4989997250959277
 316,108863105552.911,1400.8900034241378,874.051998835057,1.3599928934127092,0.9250070434063673
 317,108863206003.77199,1011.3480093423277,688.9200012665242,1.597989466972649,0.657004420645535
 318,108863306506.07101,1276.2419937644154,834.8289993591607,1.734006218612194,0.767991878092289
 319,108863407057.305,1500.8129994384944,1536.9600005215034,1.3200042303651571,0.5469919415190816
 320,108863507797.099,770.6460019107908,332.5360012240708,0.8700008038431406,0.2540036803111434
 321,108863608238.40001,703.5210001049563,543.7469953903928,1.8520076991990209,0.29998773243278265
 322,108863708708.29399,1084.3369964277372,1196.288998471573,1.3070093700662255,0.4969915607944131
 323,108863809246.486,1148.8970048958436,932.3120029876009,1.4559918781742454,0.8250062819570303
 324,108863909977.416,1841.0540069453418,929.9999946961179,1.2630043784156442,0.6609916454181075
 325,108864011050.263,1044.6880041854456,1196.3239958276972,1.053995219990611,0.323008862324059
 326,108864111476.38501,612.8909881226718,364.72801002673805,0.6600021151825786,0.4259927663952112
 327,108864211912.101,1190.7509906450287,691.7330028954893,1.191001501865685,0.5839974619448185
 328,108864312420.691,961.0080014681444,865.0880045024678,1.3079989003017545,2.0189909264445305
 329,108864412914.408,1308.1489887554199,8624.48000407312,0.9149953257292509,0.6820046110078692
 330,108864513306.377,935.9519899589941,439.0680114738643,0.9659997886046767,0.43699401430785656
 331,108864613621.275,714.0899979276583,1876.3990083243698,0.653992174193263,0.2629967639222741
 332,108864713895.903,601.4469981892034,608.1650062697008,0.5949987098574638,0.12600503396242857
 333,108864814218.62201,581.4719916088507,305.54700060747564,0.8149945642799139,0.37900463212281466
 334,108864914674.198,1167.595008155331,565.7139990944415,1.6090052668005228,1.0739895515143871
 335,108865015101.293,1003.1959973275661,781.4660057192668,2.05499236471951,0.7870112312957644
 336,108865115528.942,1170.7899975590408,612.1030019130558,1.0969961294904351,0.6910122465342283
 337,108865215912.151,717.5020000431687,399.6479936176911,0.9600043995305896,0.38999132812023163
 338,108865316343.805,910.2540061576292,456.3910042634234,1.0849907994270325,1.0460062185302377
 339,108865416818.589,1098.4609980368987,482.0540052605793,1.2160016922280192,0.667991116642952
 340,108865517229.17899,24995.142011903226,1070.6889879656956,0.8850038284435868,0.2849992597475648
 341,108865617698.816,934.3540004920214,441.89399341121316,0.93701237346977,0.5059991963207722
 342,108865718140.815,885.4810002958402,423.2099890941754,1.744003384374082,0.8019997039809823
 343,108865818539.62401,590.0389951420948,336.6230084793642,0.5210022209212184,0.32299431040883064
 344,108865918993.573,952.0020103082061,608.1829924369231,1.9949948182329535,0.46100467443466187
 345,108866019408.309,896.9859918579459,614.6630039438605,0.8380011422559619,0.22699532564729452
 346,108866120097.971,1184.8910071421415,498.7659922335297,1.1020019883289933,0.4540052032098174
 347,108866220568.704,1570.1410011388361,919.1440040012822,1.5800032997503877,1.1069932952523232
 348,108866321341.832,1066.0620027920231,598.1120048090816,1.587992301210761,0.6910122465342283
 349,108866421690.711,650.4640041384846,373.3379999175668,0.6820046110078692,0.39300357457250357
 350,108866522280.48401,1716.0379939014092,969.0779988886788,2.535001840442419,1.034000888466835
 351,108866622815.603,1058.9570010779426,658.6090021301061,1.1689990060403943,0.6629998097196221
 352,108866723335.16199,1400.195003952831,623.2339947018772,1.867010723799467,0.624000676907599
 353,108866823718.20999,683.7840046500787,633.9090032270178,0.8079950930550694,0.26500492822378874
 354,108866930144.451,780.3740008966997,7673.268992220983,1.2160016922280192,0.4629982868209481
 355,108867037479.931,2923.788008047268,1436.9830023497343,0.8880015229806304,0.45899651013314724
 356,108867138023.102,882.3410025797784,4014.1899953596294,2.9289949452504516,1.1980009730905294
 357,108867238340.33,612.153991824016,1486.6690034978092,0.690997694619,0.5510082701221108
 358,108867338732.716,1201.9360001431778,2176.0469971923158,1.3410026440396905,0.8520000847056508
 359,108867439148.65201,779.2669930495322,754.7980058006942,1.153995981439948,0.36900746636092663
 360,108867539643.408,1179.476996185258,877.2099972702563,1.571010216139257,0.9169889381155372
 361,108867640104.597,977.8000094229355,796.6219855006784,0.9520008461549878,0.5010078893974423
 362,108867740479.425,1071.1579961935058,370.8570002345368,0.7960043149068952,0.3210006980225444
 363,108867840912.808,841.6570053668693,1634.8630015272647,1.644992153160274,0.4450121195986867
 364,108867941233.406,640.5349995475262,575.5949969170615,0.5089968908578157,0.17900310922414064
 365,108868041739.56,664.2830121563748,715.3859914978966,0.510000973008573,0.19400613382458687
 366,108868142181.292,1684.3560006236658,3119.3909962894395,1.3660028344020247,0.5259935278445482
 367,108868242567.681,666.0120125161484,734.6489874180406,0.7400085451081395,0.17799902707338333
 368,108868343016.73299,859.2640078859404,424.4419978931546,0.7130001904442906,0.5460024112835526
 369,108868443458.46301,825.252995127812,759.2320034746081,0.7759954314678907,0.5559995770454407
 370,108868543877.933,811.3119984045625,885.2489991113544,1.2660020729526877,0.40100712794810534
 371,108868644239.49701,565.13499293942,404.53400288242847,0.6079935701563954,0.5409965524449944
 372,108868744718.52101,1027.4270025547594,2446.7959883622825,1.2150121619924903,0.2629967639222741
 373,108868845204.163,1211.2240074202418,964.7529950598255,2.0880106603726745,0.8489878382533789
 374,108868945630.998,1036.0390006098896,737.2569962171838,2.272994606755674,0.7120106602087617
 375,108869046167.046,1386.4939974155277,1166.482994449325,1.9809958757832646,0.7710041245445609
 376,108869146561.338,675.8969975635409,655.7710003107786,0.7930066203698516,0.25499321054667234
 377,108869246858.307,532.5020028976724,435.94499584287405,1.3130047591403127,0.6819900590926409
 378,108869347362.566,1253.1890097307041,530.1709898049012,1.5330006135627627,0.5729962140321732
 379,108869447935.633,980.0779953366145,608.6320063332096,1.0880030458793044,0.5869951564818621
 380,108869548644.337,1089.9699991568923,658.8539981748909,1.186999725177884,0.5610054358839989
 381,108869659574.051,2826.098003424704,41710.072007845156,1.4639954315498471,1.110005541704595
 382,108869771733.36299,1746.1740062572062,5934.62199321948,0.9100040188059211,0.4530011210590601
 383,108869873025.123,5305.60000333935,3715.061000548303,0.8200004231184721,0.6560003384947777
 384,108869973447.145,1214.4189968239516,527.5519943097606,1.1740048648789525,0.27399801183491945
 385,108870074248.78499,1044.0910118632019,338.37299270089716,0.6580085027962923,0.5399924702942371
 386,108870174627.686,730.8479980565608,681.1859930166975,0.9350042091682553,0.6500049494206905
 387,108870274930.663,499.06100321095437,335.8370013302192,0.9759969543665648,0.5350011633709073
 388,108870375218.97499,625.8950015762821,313.3999998681247,0.7880007615312934,0.3550085239112377
 389,108870475666.053,489.80700375977904,562.8649960272014,0.5589972715824842,0.24400651454925537
 390,108870575998.15501,969.5549961179495,1084.9679965758696,0.6890040822327137,0.41798921301960945
 391,108870682636.35501,772.978994064033,1646.442004130222,1.410997356288135,0.29300281312316656
 392,108870784074.714,788.9950065873563,412.0259982300922,0.5699985194951296,1.5239929780364037
 393,108870884663.53,785.8960016164929,476.0430019814521,0.8420029189437628,0.31798845157027245
 394,108870985096.145,754.7499990323558,404.36799463350326,0.7880007615312934,0.4040048224851489
 395,108871085483.568,799.6850035851821,490.4930101474747,0.5949987098574638,0.510000973008573
 396,108871185804.29,511.2729995744303,672.0380042679608,0.45399065129458904,0.36100391298532486
 397,108871295844.059,736.9340019067749,7769.0100006293505,1.2239906936883926,0.4540052032098174
 398,108871396201.694,565.1469982694834,455.40599967353046,1.9909930415451527,0.9720097295939922
 399,108871496571.956,1130.5109946988523,1697.4680038401857,1.4600082067772746,0.3469904186204076
 400,108871597139.968,1648.7259999848902,1111.2290085293353,1.4859979273751378,0.3519962774589658
 401,108871697550.485,874.664998264052,427.13100265245885,0.8560018613934517,0.6310001481324434
 402,108871798002.112,873.6089948797598,712.6830023480579,1.1660013115033507,0.26999623514711857
 403,108871898581.007,956.4549982314929,1008.9910065289587,1.3089884305372834,1.104010152630508
 404,108871998982.149,921.9589992426336,725.0339986057952,0.6810005288571119,0.36100391298532486
 405,108872099322.107,699.3960123509169,706.1969954520464,0.8810020517557859,0.4019966581836343
 406,108872199697.003,794.8550046421587,855.7900000596419,0.7029884727671742,0.2810120349749923
 407,108872300069.653,779.9329905537888,546.6629954753444,0.7820053724572062,0.467000063508749
 408,108872400529.65399,1442.0689985854551,2608.2569966092706,1.138003426603973,0.29300281312316656
 409,108872500913.138,915.7449967460707,705.2739965729415,0.7119961082935333,0.3129971446469426
 410,108872601378.25,1488.4460106259212,861.849999637343,1.330990926362574,0.7290072971954942
 411,108872701788.802,694.3849875824526,379.2850038735196,0.9049981599673629,0.36100391298532486
 412,108872802181.78099,1273.1200113194063,1322.0799883129075,1.414009602740407,0.24600012693554163
 413,108872902563.061,699.219002854079,644.3769962061197,0.7860071491450071,0.19300205167382956
 414,108873002961.667,921.8629857059568,771.3100058026612,0.8799979696050286,0.24300243239849806
 415,108873103399.35,1161.0660003498197,1124.2309992667288,1.6230042092502117,0.5929905455559492
 416,108873203879.051,1117.6770058227703,977.2119956323877,1.4709949027746916,1.186999725177884
 417,108873304313.174,741.5150030283257,500.1679965062067,1.0299991117790341,0.4390021786093712
 418,108873404736.31299,760.7230072608218,466.80099330842495,0.7170019671320915,0.26100315153598785
 419,108873505109.25099,864.0870073577389,524.6159998932853,1.0069925338029861,0.633997842669487
 420,108873605581.127,869.7849989403039,835.7369952136651,0.6210029823705554,0.1360021997243166
 421,108873705984.665,783.3900017431006,426.5580064384267,1.0469957487657666,0.4489993443712592
 422,108873806487.506,995.5760033335537,408.69599615689367,1.1530064512044191,0.5710026016458869
 423,108873906892.044,705.2809960441664,377.96900141984224,0.8049973985180259,0.3629975253716111
 424,108874007426.461,3179.266001097858,1195.2939967159182,0.8939969120547175,0.2710003172978759
 425,108874107898.892,958.0979967722669,844.2559919785708,0.9680079529061913,0.29600050766021013
 426,108874209064.63301,2309.9219979485497,1043.614000082016,1.3029930414631963,0.5430047167465091
 427,108874309629.913,558.7299965554848,2130.0980006344616,0.5620095180347562,0.1540029188618064
 428,108874410010.283,1048.1119970791042,1212.4089989811182,1.361011527478695,0.6429909262806177
 429,108874510454.66899,1045.3050053911284,932.711991481483,1.5300029190257192,0.9530049283057451
 430,108874610892.864,901.198000065051,2324.0909940795973,1.1420052032917738,0.3799941623583436
 431,108874711317.57,1057.6979984762147,478.1699972227216,0.8659990271553397,0.510000973008573
 432,108874811723.989,672.8699954692274,388.7550119543448,0.8200004231184721,0.24998735170811415
 433,108874912242.196,837.5769975828007,567.5680004060268,19.186001736670732,0.6549962563440204
 434,108875012626.761,580.6440021842718,380.51400042604655,0.6919872248545289,0.4210014594718814
 435,108875113007.755,986.648999969475,412.0679950574413,1.110005541704595,0.38598955143243074
 436,108875213359.79999,798.7300050444901,466.09999844804406,0.9369978215545416,0.39800943341106176
 437,108875313786.628,703.5489979898557,482.5039941351861,0.7740018190816045,0.523999915458262
 438,108875414220.13,902.4669998325408,589.9370007682592,0.9399955160915852,0.600004568696022
 439,108875515018.629,869.4510033819824,874.1759957047179,0.9150098776444793,0.40499435272067785
 440,108875615479.495,730.5760082090273,452.28798990137875,0.8080096449702978,0.4569883458316326
 441,108875715802.79501,582.5129919685423,330.3160046925768,1.1119991540908813,0.523999915458262
 442,108875816203.442,1180.8460112661123,732.9859945457429,1.1859956430271268,0.5070032784715295
 443,108875916712.931,1137.5890026101843,1131.7390017211437,1.138003426603973,0.34600088838487864
 444,108876017190.23799,729.4050010386854,404.7499969601631,0.9500072337687016,0.44099579099565744
 445,108876117669.776,829.8570028273389,1073.6080002970994,1.3469980331137776,0.5930050974711776
 446,108876218054.84601,992.3409961629659,465.57500900235027,1.4449906302616,0.4070025170221925
 447,108876318439.136,600.08600121364,626.4499970711768,0.7190101314336061,0.35398988984525204
 448,108876419125.704,1767.4250120762736,560.1929879048839,1.2260134099051356,0.4350004019215703
 449,108876519590.899,755.5299962405115,664.1640065936372,1.1899974197149277,0.5119945853948593
 450,108876619924.31801,793.979997979477,629.2080070124939,1.1499942047521472,0.3619934432208538
 451,108876720328.434,752.7889974880964,550.8460017153993,1.1069932952523232,0.42399915400892496
 452,108876820719.97101,532.2359938872978,613.8260068837553,0.6780028343200684,0.2299930201843381
 453,108876921123.438,709.6929912222549,598.4279996482655,0.7449998520314693,0.29300281312316656
 454,108877021842.124,1932.2000007377937,4659.140002331696,0.6969930836930871,0.3260065568611026
 455,108877123067.028,1290.821994189173,526.1449987301603,0.5540059646591544,0.31400122679769993
 456,108877223536.979,1770.4890051390976,2047.342000878416,1.1800002539530396,0.867992639541626
 457,108877323999.816,741.3569983327761,730.58700945694,0.4809990059584379,0.1939915819093585
 458,108877424343.10399,1333.3730021258816,412.17199759557843,1.0160001693293452,0.38801226764917374
 459,108877524661.69,812.4529995257035,488.22100507095456,1.2959935702383518,1.9030121620744467
 460,108877625074.485,1107.243006117642,775.1319935778156,1.9169965526089072,0.700005330145359
 461,108877725431.209,646.1050070356578,716.4749986259267,0.690997694619,0.2690067049115896
 462,108877825811.271,1223.0059946887195,1041.391005855985,1.410997356288135,0.733998604118824
 463,108877926210.748,1061.7989901220426,1292.5370101584122,1.410997356288135,0.7789931260049343
 464,108878026583.056,929.6030038967729,366.2999952211976,0.7890048436820507,0.3860041033476591
 465,108878129586.08801,1473.828000598587,1967.7809905260801,1.114007318392396,0.5759939085692167
 466,108878230620.915,1864.8530094651505,1928.6479946458712,1.4200049918144941,0.5609908839687705
 467,108878331124.106,825.237002572976,521.5769924689084,2.0260049495846033,0.7310009095817804
 468,108878431504.909,703.0650012893602,375.8670063689351,0.9420036803930998,0.4789908416569233
 469,108878531864.836,570.4939976567402,430.88900565635413,1.267006155103445,0.5149922799319029
 470,108878632255.505,689.1719967825338,465.65200318582356,0.7790076779201627,0.633997842669487
 471,108878732708.865,935.7429953524843,583.087996346876,1.5690020518377423,0.5159963620826602
 472,108878833104.01599,804.4069982133806,500.9140004403889,1.0780058801174164,0.4180037649348378
 473,108878933551.657,940.1270071975887,616.3609941722825,0.7519993232563138,0.600994098931551
 474,108879036784.996,707.1659929351881,612.9920075181872,0.5799956852570176,0.33300602808594704
 475,108879137146.16301,891.5509970393032,720.1879925560206,0.8260103641077876,0.41899329517036676
 476,108879237553.12,791.0720014479011,455.55600081570446,0.9700015652924776,0.7199996616691351
 477,108879337880.297,542.5240087788552,671.7969954479486,1.477004843764007,0.5429901648312807
 478,108879438274.47101,677.6109948987141,677.1280022803694,1.014996087178588,1.004009391181171
 479,108879538698.028,1011.9939979631454,4417.4469949211925,1.648004399612546,0.5509937182068825
 480,108879639044.36601,708.6089899530634,588.1740071345121,0.8030037861317396,0.366999302059412
 481,108879739389.44101,1138.8809944037348,369.36000105924904,0.6960035534575582,0.266998540610075
 482,108879839782.757,820.4439945984632,793.0380088509992,0.767991878092289,0.16900594346225262
 483,108879940138.409,1151.411997852847,554.5229942072183,1.7130078049376607,0.9520008461549878
 484,108880040586.258,863.9980078442022,2778.181995381601,1.0930089047178626,0.4350004019215703
 485,108880140954.731,1501.1420036898926,571.2159909307957,1.0590010788291693,0.6589980330318213
 486,108880241602.74701,767.068995628506,4559.624998364598,0.9259965736418962,0.5720066837966442
 487,108880341922.757,1016.2340040551499,2158.7700030067936,0.76700234785676,0.21798769012093544
 488,108880442391.69,1126.6369983786717,545.568997040391,0.9870127541944385,0.676998752169311
 489,108880549807.225,673.7569929100573,1907.455996843055,0.5949987098574638,0.24300243239849806
 490,108880650314.802,2955.062998807989,4784.552002092823,1.148000592365861,0.4309986252337694
 491,108880750688.797,660.3590009035543,381.8780096480623,0.8789938874542713,0.39199949242174625
 492,108880851174.002,1043.386000674218,699.5680014370009,1.8509890651330352,1.0650110198184848
 493,108880951731.993,1463.1359954364598,1645.9620092064142,1.5469995560124516,0.43699401430785656
 494,108881052108.173,602.5740003678948,629.1559984674677,0.6780028343200684,0.4120083758607507
 495,108881152532.76201,984.8740010056645,523.1009999988601,0.8219940355047584,0.300002284348011
 496,108881253059.944,541.8709915829822,380.1950078923255,0.7969938451424241,0.5070032784715295
 497,108881353627.67,802.7529984246939,687.1749937999994,0.9320065146312118,0.2710003172978759
 498,108881454079.516,1333.202002570033,1348.8260010490194,1.3300013961270452,0.6149930413812399
 499,108881554486.227,739.1749968519434,631.2079931376502,0.7620110409334302,0.20199513528496027
 500,108881654845.314,881.9270005915314,1468.603004468605,0.9149953257292509,0.490006641484797
 501,108881755233.363,750.7550035370514,762.7079903613776,0.9220093488693237,0.3149907570332289
 502,108881855644.036,1014.6610002266243,413.8410004088655,0.9200011845678091,0.7579947123304009
 503,108881956074.067,838.3310050703585,865.8009901409969,1.6320118447765708,1.0520016076043248
 504,108882056637.69699,2072.044007945806,1165.1899985736236,1.7300044419243932,0.6639893399551511
 505,108882157105.80699,826.8300007330254,553.4320080187172,0.8899951353669167,0.3659952199086547
 506,108882257605.513,1860.3929929668084,1418.5210020514205,1.9339931895956397,0.6770133040845394
 507,108882358077.627,1635.72900055442,1995.740007259883,1.157997758127749,0.38699363358318806
 508,108882458473.54599,909.0280072996393,590.9659957978874,0.5490001058205962,0.20100560504943132
 509,108882558906.333,1507.6370036695153,1446.991998818703,1.4399993233382702,1.0740041034296155
 510,108882659429.329,863.8790022814646,742.1420013997704,1.100997906178236,0.6210029823705554
 511,108882759851.588,1084.4979988178238,804.1520050028339,1.2960081221535802,0.5429901648312807
 512,108882860270.76799,1109.119999455288,861.0640070401132,0.6729969754815102,0.20299921743571758
 513,108882960844.554,1261.7879983736202,956.6879889462143,1.1360098142176867,0.6049958756193519
 514,108883061378.739,1580.0959954503924,972.0990055939183,0.8729984983801842,0.3500026650726795
 515,108883162394.944,942.2750008525327,828.0280017061159,1.2469972716644406,0.7199996616691351
 516,108883263091.007,835.8719933312386,856.064012623392,0.9969953680410981,0.48699439503252506
 517,108883363673.987,1388.2430066587403,1397.0719883218408,2.091008354909718,1.3169919839128852
 518,108883464201.291,802.0099921850488,478.6100034834817,0.6649934221059084,0.3870081854984164
 519,108883564708.62401,1408.2099951338023,979.2199998628348,1.2759992387145758,0.4040048224851489
 520,108883665116.116,854.4709999114275,539.4339968916029,1.0070070857182145,0.25999906938523054
 521,108883765710.153,1970.6719904206693,1873.0790034169331,1.544001861475408,0.6509944796562195
 522,108883866305.888,836.7989939870313,534.4880046322942,1.0049989214166999,0.4119938239455223
 523,108883966771.694,1237.4020006973296,700.528995366767,1.8160062609240413,0.6689951987937093
 524,108884069750.81801,826.6399963758886,1188.299007480964,0.777989043854177,0.37800054997205734
 525,108884170112.099,578.9309943793342,338.20200769696385,1.243999577127397,0.2809974830597639
 526,108884270464.958,770.9240016993135,515.9290012670681,0.7119961082935333,0.35999983083456755
 527,108884370846.175,662.9619892919436,1251.8410076154396,0.8829956641420722,0.26999623514711857
 528,108884471176.98401,528.1649937387556,581.3140014652163,0.49499794840812683,0.17399725038558245
 529,108884571504.524,542.4169939942658,313.49799246527255,0.9390059858560562,0.4250032361596823
 530,108884671891.181,588.39499251917,365.70899828802794,0.7060007192194462,0.2630113158375025
 531,108884773316.105,2220.8300069905818,884.5959964673966,0.7229973562061787,0.33300602808594704
 532,108884873735.92801,1101.1839960701764,3306.2959992093965,1.08100357465446,0.3659952199086547
 533,108884975014.45999,871.8120079720393,322.23400194197893,0.8019997039809823,0.39598671719431877
 534,108885075353.52399,816.1840087268502,447.9420022107661,0.5569891072809696,0.42900501284748316
 535,108885175872.215,1165.8940056804568,667.8019999526441,0.7420021574944258,0.28699287213385105
 536,108885276399.157,818.9590007532388,489.36399980448186,0.8350034477189183,0.7589987944811583
 537,108885376718.271,550.2840067492798,607.3969998396933,0.6419868441298604,0.5160109139978886
 538,108885477003.36,674.4629936292768,389.38800571486354,0.6639893399551511,0.2809974830597639
 539,108885577441.503,948.721994063817,705.9710042085499,0.523999915458262,0.13300450518727303
 540,108885677748.922,516.3510068086907,728.600993170403,0.5610054358839989,0.13399403542280197
 541,108885785750.427,680.3789874538779,9027.931999298744,0.8820061339065433,0.36900746636092663
 542,108885889733.573,1415.692997397855,2451.704000122845,2.7479982236400247,0.4309986252337694
 543,108885990536.38,774.360989453271,625.4710024222732,0.8500064723193645,0.37699646782130003
 544,108886091101.28099,1685.1030086399987,1446.2969993473962,1.5260011423379183,0.5030015017837286
 545,108886191543.67601,903.7679992616177,1476.6679960303009,0.8780043572187424,0.25899498723447323
 546,108886291928.536,768.846002756618,492.34399921260774,1.2509990483522415,0.557003659196198
 547,108886392998.797,1004.1479981737211,1682.7819927129894,0.9880022844299674,0.3040040610358119
 548,108886493345.40901,702.1389901638031,403.39500992558897,0.8529896149411798,0.45100750867277384
 549,108886593890.12401,1078.2000026665628,602.7420022292063,0.7369962986558676,0.3500026650726795
 550,108886694405.463,746.727004298009,838.7929992750287,1.2300006346777081,0.49200025387108326
 551,108886794880.73,1389.110999298282,970.4190015327185,1.4940014807507396,0.34600088838487864
 552,108886895215.393,712.460998329334,439.3279959913343,0.880012521520257,0.28299109544605017
 553,108886995652.17699,1294.9510128237307,1442.5639965338632,1.0310031939297915,0.3320019459351897
 554,108887096165.069,1218.9629924250767,717.022005119361,1.5270052244886756,0.800995621830225
 555,108887196647.87799,1026.552010443993,6546.791992150247,0.7430062396451831,0.4479952622205019
 556,108887297088.771,1362.5760038848966,692.122004693374,1.4929973985999823,0.7749913493171334
 557,108887397570.278,1082.4560013134032,1054.3270036578178,1.2469972716644406,0.4210014594718814
 558,108887497911.92801,703.5769958747551,1113.9950074721128,0.8239876478910446,0.3320019459351897
 559,108887598318.502,761.8770032422617,582.6979904668406,0.8210045052692294,0.38799771573394537
 560,108887698829.912,1139.9189970688894,601.34100203868,1.7709971871227026,1.1090014595538378
 561,108887799300.586,771.5209940215573,751.5949982916936,0.7110065780580044,0.2849992597475648
 562,108887899727.8,1107.3439964093268,529.918004758656,0.9479990694671869,0.6839982233941555
 563,108888000245.719,1290.8860080642626,1293.403998715803,1.6970006981864572,1.0999938240274787
 564,108888100716.336,1133.527999627404,610.7279914431274,1.744003384374082,0.6360060069710016
 565,108888201241.62,1115.4989915667102,1365.7119998242706,0.9320065146312118,0.49499794840812683
 566,108888301619.68199,3564.6210017148405,4963.373998180032,1.0950025171041489,0.5549954948946834
 567,108888404169.812,664.4770037382841,365.55499536916614,1.024003722704947,0.35099219530820847
 568,108888504583.775,672.2730031469837,357.623997842893,0.8550123311579227,0.3029999788850546
 569,108888605075.397,847.2039917251095,496.66600534692407,1.3959943316876888,0.6720074452459812
 570,108888705870.973,947.9009895585477,651.1480023618788,0.8560018613934517,0.49099617172032595
 571,108888806392.838,1458.079001167789,823.0789972003549,1.4120014384388924,0.6939953891560435
 572,108888906903.97299,910.9820093726739,655.5790023412555,1.4139950508251786,0.6329937605187297
 573,108889007494.349,2600.9099965449423,2642.8459968883544,1.0829971870407462,0.4270114004611969
 574,108889107993.42,802.1280082175508,587.0210006833076,0.5379988579079509,0.2849992597475648
 575,108889208483.87,1318.870999966748,1358.58501016628,1.6559934010729194,0.7189955795183778
 576,108889309033.89,1116.3570015924051,646.9740037573501,1.0789954103529453,0.46400236897170544
 577,108889409758.845,1640.7229995820671,785.622003604658,1.2890086509287357,0.5999900167807937
 578,108889510171.362,673.8840020261705,596.6640019323677,0.6269983714446425,0.366999302059412
 579,108889610640.00299,1059.2979961074889,720.9430041257292,1.200998667627573,0.6780028343200684
 580,108889711076.99101,737.438997020945,617.8379990160465,0.6799964467063546,0.2940068952739239
 581,108889811543.59299,1005.2260040538386,1054.3050011619925,1.1780066415667534,0.5459878593683243
 582,108889911988.281,623.8490022951737,622.3489908734336,0.8350034477189183,0.3070017555728555
 583,108890012435.293,894.1239939304069,609.9760066717863,1.1020019883289933,0.3579916665330529
 584,108890112869.217,768.7009929213673,1044.1190097481012,1.2459931895136833,1.2990058166906238
 585,108890213416.416,1627.2120119538158,1448.1449907179922,1.5190016711130738,0.6780028343200684
 586,108890313903.394,1552.720001200214,1293.121007620357,1.4230026863515377,0.8149945642799139
 587,108890414335.493,1094.79199454654,1006.9910058518872,0.8520000847056508,0.17900310922414064
 588,108890514705.097,811.441001133062,435.15699508134276,0.5600013537332416,0.6430054781958461
 589,108890615043.73,1064.2390116117895,532.7779945218936,0.7579947123304009,0.48200308810919523
 590,108890715407.598,722.5069857668132,448.6600082600489,1.0119983926415443,0.647007254883647
 591,108890815995.58499,1151.51000500191,816.7929918272421,1.6740086721256375,31.863994081504643
 592,108890916427.355,687.1630030218512,576.2889923062176,1.277003320865333,0.5550100468099117
 593,108891016779.282,887.4170016497374,371.08600372448564,0.6479967851191759,0.32399839255958796
 594,108891117172.906,802.1989924600348,635.7560050673783,1.0210060281679034,0.4879984771832824
 595,108891217555.169,1131.9899931550026,661.4360027015209,1.591004547663033,0.9530049283057451
 596,108891317887.93399,800.7440046640113,901.510997209698,1.2350064935162663,0.6369955372065306
 597,108891418345.26201,1202.4819880025461,976.449009613134,1.0369985830038786,0.5869951564818621
 598,108891519108.626,1362.0329991681501,759.2659967485815,1.1030060704797506,0.7079943316057324
 599,108891619531.38501,650.4979974124581,804.2319968808442,0.8269998943433166,0.24499604478478432
 600,108891719908.179,858.0979920225218,907.4670088011771,1.391992554999888,0.4220055416226387
 601,108891820339.49701,941.120000788942,1000.8779936470091,1.1899974197149277,0.5040055839344859
 602,108891920697.91501,862.5899936305359,633.0530013656244,0.8460046956315637,0.2809974830597639
 603,108892021511.461,893.23399879504,489.77699771057814,0.9200011845678091,0.41899329517036676
 604,108892123158.403,1956.5370021155104,1782.1299989009276,1.5330006135627627,0.4969915607944131
 605,108892223602.05,726.6669999808073,442.6380037330091,0.9799987310543656,0.42299507185816765
 606,108892324171.676,2600.18500557635,1162.5640036072582,1.648993929848075,0.8119968697428703
 607,108892424679.20001,730.2169979084283,779.9290033290163,0.8459901437163353,0.39700535126030445
 608,108892525326.52899,1681.2009998830035,785.6709999032319,0.9320065146312118,1.0429939720779657
 609,108892625962.841,1030.7969932910055,547.0140022225678,1.5160039765760303,1.277992851100862
 610,108892726450.352,1267.0419964706525,723.6720120999962,1.2859964044764638,0.6589980330318213
 611,108892827022.653,960.1859928807244,567.8410088876262,1.2829987099394202,0.7509952411055565
 612,108892927462.24901,1009.852989227511,3185.8069996815175,2.562999725341797,1.3930111890658736
 613,108893027818.175,913.2349950959906,1708.2270060200244,0.9889918146654963,0.2820015652105212
 614,108893128235.446,774.2769957985729,423.0610065860674,1.2689997674897313,0.6189948180690408
 615,108893228651.623,1211.3200064050034,1131.1529960948974,1.2530072126537561,0.333995558321476
 616,108893329425.378,981.9339902605861,322.06800824496895,0.6350019248202443,0.3969907993450761
 617,108893429781.674,919.1690041916445,705.1879947539419,0.6880000000819564,0.2760061761364341
 618,108893530199.18399,1325.8469989523292,755.8960060123354,1.4079996617510915,0.4019966581836343
 619,108893630622.07701,759.3409973196685,438.32199298776686,0.9060022421181202,0.5269976099953055
 620,108893731046.136,1157.6059914659709,490.47000356949866,1.0160001693293452,0.36500568967312574
 621,108893831433.697,736.375994165428,403.40700070373714,0.6039917934685946,0.557003659196198
 622,108893931935.29399,894.5010049501434,703.7699979264289,0.6379996193572879,0.24400651454925537
 623,108894032320.823,698.3519997447729,567.8279994754121,0.8070055628195405,0.44499756768345833
 624,108894132953.732,1588.579994859174,862.9210060462356,1.5179975889623165,0.6990012479946017
 625,108894233588.179,669.9789955746382,666.0749932052568,0.8700008038431406,0.46400236897170544
 626,108894334031.627,1393.7579933553934,453.65499681793153,0.823012669570744,0.4069879651069641
 627,108894435591.68,1089.031997253187,9062.801007530652,2.0750012481585145,0.5039910320192575
 628,108894536033.782,772.1680012764409,363.80499659571797,0.5589972715824842,0.2760061761364341
 629,108894636436.81099,763.5980000486597,381.63400313351303,0.9780051186680794,0.357002136297524
 630,108894736789.381,739.2050029011443,3990.2220014482737,0.6119953468441963,0.31500530894845724
 631,108894837347.119,1241.9039994711056,1336.2780009629205,1.434003934264183,1.0749936336651444
 632,108894937836.59799,865.8550068503246,838.8849964831024,1.4850083971396089,0.3210006980225444
 633,108895038225.615,928.7029970437288,944.2000009585172,0.8799979696050286,0.37699646782130003
 634,108895138624.119,759.8749944008887,859.85500481911,0.7060007192194462,0.35499397199600935
 635,108895239101.071,3924.6969972737134,776.0750013403594,1.0329968063160777,0.4310131771489978
 636,108895339669.317,1062.038994859904,751.6159967053682,0.7060007192194462,0.23399479687213898
 637,108895440183.886,1180.5389949586242,1403.0650054337457,0.7449998520314693,0.1759908627718687
 638,108895541250.165,1609.4260063255206,964.6179969422519,2.143002348020673,0.8079950930550694
 639,108895643162.776,2884.742003516294,782.2059997124597,1.4429970178753138,0.4649918992072344
 640,108895743815.751,1298.319999477826,1239.163990248926,1.1390075087547302,0.5920010153204203
 641,108895844421.464,1045.2999995322898,557.9819990089163,1.14399881567806,0.7289927452802658
 642,108895945119.905,1402.6140124769881,627.0049925660715,0.7829949026927352,0.3489985829219222
 643,108896045731.797,1909.4089948339388,1223.735001985915,0.9540090104565024,0.2969900378957391
 644,108896146157.8,764.7949969395995,1547.9520079679787,1.0299991117790341,0.5850015440955758
 645,108896246702.302,1363.6960065923631,667.88999538403,1.3450044207274914,0.8509960025548935
 646,108896347158.89801,750.355000491254,745.211000321433,0.820989953354001,0.4080065991729498
 647,108896447579.862,1077.4210095405579,1257.1239931276068,1.7709971871227026,0.3870081854984164
 648,108896550143.593,2619.9509884463623,446.18001265916973,0.6529880920425057,0.29600050766021013
 649,108896650501.70401,850.1109987264499,498.6499989172444,0.7119961082935333,0.3449968062341213
 650,108896750842.006,487.0999982813373,352.54099930170923,0.5170004442334175,0.4329922376200557
 651,108896851253.092,912.3740019276738,638.1520070135593,0.9039940778166056,0.3269960870966315
 652,108896951578.426,487.58099728729576,298.91500889789313,0.5490001058205962,0.43198815546929836
 653,108897051926.66899,489.3320001428947,359.32500031776726,0.7580092642456293,0.6560003384947777
 654,108897152231.666,581.6909979330376,986.4250023383647,0.5049951141700149,0.21701271180063486
 655,108897252575.804,625.4360050661489,405.31999547965825,0.7310009095817804,0.4619942046701908
 656,108897352885.015,488.4739901171997,362.48900869395584,0.553991412743926,0.36900746636092663
 657,108897453210.657,632.0280081126839,536.5889956010506,0.576997990719974,0.29199873097240925
 658,108897553517.025,1439.165003830567,656.9980032509193,0.6930058589205146,0.19998697098344564
 659,108897653893.89,654.8219971591607,353.37799636181444,0.6810005288571119,0.5589972715824842
 660,108897754321.98,956.7280067130923,483.70700096711516,0.7299968274310231,0.410989741794765
 661,108897859095.998,6642.276988714002,1909.5270108664408,0.6719928933307528,0.3440072759985924
 662,108897959449.196,966.1840012995526,488.1719942204654,0.8019997039809823,0.4019966581836343
 663,108898059950.501,796.437991084531,469.1940121119842,0.6149930413812399,0.20700099412351847
 664,108898160351.294,676.1760014342144,426.3869923306629,0.6180052878335118,0.3269960870966315
 665,108898260749.306,1185.3179894387722,916.9420081889257,1.2699892977252603,0.6680056685581803
 666,108898361198.656,954.9440001137555,426.3849987182766,0.7019989425316453,0.3710010787472129
 667,108898461759.409,1272.3500112770125,1116.9229983352125,1.3629905879497528,0.6980117177590728
 668,108898562279.905,1058.9869925752282,1660.4100092081353,1.3599928934127092,0.5350011633709073
 669,108898662749.42,956.967007368803,580.4139946121722,0.6920017767697573,0.29199873097240925
 670,108898763243.704,1290.7450000056997,1091.2349971476942,1.0280054993927479,0.6129994289949536
 671,108898863708.412,790.5480015324429,949.955006944947,0.7989874575287104,0.28300564736127853
 672,108898964079.21901,685.1149955764413,603.9059953764081,0.7030030246824026,0.40100712794810534
 673,108899072014.784,1455.4800000041723,2281.936991494149,1.6700068954378366,0.6469927029684186
 674,108899172469.422,750.8559938287362,1265.4230085900053,1.0849907994270325,0.6790069164708257
 675,108899272833.556,1221.0740096634254,1453.5619993694127,0.9469949873164296,0.4299945430830121
 676,108899373373.444,1330.7129993336275,849.7219969285652,1.91100116353482,1.0469957487657666
 677,108899473898.197,972.0870002638549,993.7389986589551,1.6940030036494136,0.576997990719974
 678,108899574370.519,934.2889970866963,527.2760026855394,1.3060052879154682,1.5080004232004285
 679,108899675004.515,1036.6180067649111,1250.671994057484,1.1160009307786822,0.46100467443466187
 680,108899775391.44301,516.6049959370866,689.5709957461804,0.6040063453838229,0.23900065571069717
 681,108899875804.374,25502.392003545538,10224.565005046315,1.0679941624403,0.5050096660852432
 682,108899976284.306,954.1659965179861,490.3109947917983,1.1850061127915978,0.7860071491450071
 683,108900076686.027,991.5060072671622,781.8680023774505,2.154993126168847,0.6260088412091136
 684,108900177798.78801,1589.909996255301,601.8809945089743,1.581007381901145,0.44300395529717207
 685,108900278402.97,1301.5980075579137,531.5339949447662,1.1619995348155499,0.4699977580457926
 686,108900379485.813,882.9730068100616,431.61299254279584,0.6280024535953999,0.32399839255958796
 687,108900480045.63,1046.0829944349825,718.727009370923,1.91599247045815,0.5400070222094655
 688,108900580574.17401,1063.0640026647598,591.7509988648817,1.030988642014563,0.42399915400892496
 689,108900680999.417,1032.0379951735958,406.4030072186142,0.6189948180690408,0.46500645112246275
 690,108900781448.313,946.9259966863319,786.1679914640263,1.4370016288012266,0.690008164383471
 691,108900881936.585,923.6099867848679,888.7590083759278,1.0560033842921257,0.2929882612079382
 692,108900982363.547,1056.136010447517,870.9139947313815,1.1499942047521472,0.6360060069710016
 693,108901083062.954,718.0789980338886,577.853003051132,0.6110058166086674,0.24600012693554163
 694,108901183516.22899,900.2650040201843,511.6920074215159,1.2829987099394202,0.5530018825083971
 695,108901284055.41,989.3770038615912,1181.6659971373156,1.2460077414289117,0.3449968062341213
 696,108901384419.623,735.9699957305565,520.3399923630059,1.0930089047178626,0.6789923645555973
 697,108901484834.343,951.5169949736446,840.9459987888113,1.267006155103445,0.6689951987937093
 698,108901585276.179,1554.6569920843467,837.4450117116794,1.787993824109435,1.3130047591403127
 699,108901685702.389,629.1309982771054,634.4919966068119,0.9539944585412741,0.5360052455216646
 700,108901786100.71599,1092.6300019491464,667.0120055787265,1.6889971448108554,0.633997842669487
 701,108901886587.90701,1225.5629990249872,1018.9849999733269,1.0669900802895427,0.6010086508467793
 702,108901987025.381,933.7550000054762,959.0260015102103,1.1650117812678218,0.23399479687213898
 703,108902087574.926,1649.3809962412342,1044.653996359557,1.601001713424921,0.6620102794840932
 704,108902188090.627,1452.805008739233,3654.2119923979044,2.2500025806948543,1.3509998098015785
 705,108902288663.474,773.7880077911541,573.6969906138256,0.8369970601052046,0.42001192923635244
 706,108902389361.881,848.6029983032495,611.0770045779645,0.9320065146312118,0.7959897629916668
 707,108902489877.158,1552.7319919783622,1156.8320041988045,2.0040024537593126,0.8299975888803601
 708,108902591021.788,1162.847998784855,1156.2410072656348,1.9949948182329535,0.6850023055449128
 709,108902691580.89099,573.1139972340316,327.3070033174008,1.00000761449337,0.40599843487143517
 710,108902792048.755,879.0779975242913,1056.762004736811,1.3190001482143998,0.37800054997205734
 711,108902892591.266,959.466997301206,1151.4660000102594,1.167994923889637,0.3260065568611026
 712,108902993024.78,1352.0400098059326,609.3219999456778,1.0399962775409222,0.7079943316057324
 713,108903093577.471,1001.80201116018,626.205001026392,1.377993612550199,0.5899928510189056
 714,108903193932.005,938.2440039189532,501.91399350296706,1.0980002116411924,0.46500645112246275
 715,108903295027.49701,586.0429955646396,604.966000537388,0.943997292779386,0.38300640881061554
 716,108903395504.53699,1258.3490024553612,471.100996946916,1.033011358231306,0.40099257603287697
 717,108903496041.454,864.1610038466752,697.9010067880154,1.1769880075007677,0.3760069375857711
 718,108903596509.00601,902.7569903992116,842.701003421098,1.5609984984621406,1.1980009730905294
 719,108903696982.306,1343.014999292791,850.8429891662672,1.920998329296708,0.9290088200941682
 720,108903797618.62999,894.6770103648305,4220.649992930703,1.6420090105384588,0.5189940566197038
 721,108903897986.692,932.470997213386,552.6460008695722,1.3200042303651571,0.8329952834174037
 722,108903998504.552,1039.024005876854,661.5399906877428,1.505002728663385,0.810992787592113
 723,108904098935.231,698.5820073168725,400.2319910796359,1.020001946017146,0.5210022209212184
 724,108904199343.10199,781.6620054654777,480.26499280240387,1.2130039976909757,0.36900746636092663
 725,108904299780.79,743.3230057358742,456.8330041365698,1.205000444315374,0.5899928510189056
 726,108904400174.682,1008.9150018757209,500.2029938623309,1.1410011211410165,0.39000588003546
 727,108904500590.276,1014.0819940716028,1721.3180108228698,1.2370001059025526,0.4489993443712592
 728,108904600987.36,1090.4740047408268,499.91300329566,0.9889918146654963,0.5180045263841748
 729,108904701461.722,895.9420083556324,1280.8519968530163,1.324995537288487,0.7449998520314693
 730,108904802055.511,1420.058004441671,882.8610007185489,1.8540013115853071,0.9649957064539194
 731,108904902562.612,1477.7519972994924,621.8790076673031,1.4029938029125333,0.7510097930207849
 732,108905003057.853,749.3199955206364,771.1130019742996,0.9320065146312118,0.2309971023350954
 733,108905103411.834,679.2950007366017,634.0539985103533,0.8780043572187424,0.31798845157027245
 734,108905203843.703,1003.9250046247616,948.2890018261969,1.1119991540908813,0.43699401430785656
 735,108905304460.264,2161.996002541855,1120.079992688261,1.872002030722797,0.733998604118824
 736,108905411216.45999,1513.552007963881,13173.878993256949,1.6690028132870793,0.49600203055888414
 737,108905511675.89,1426.9730017986149,578.7919944850728,1.0310031939297915,0.48200308810919523
 738,108905612442.496,1260.578996152617,3362.4430070631206,1.487991539761424,0.40100712794810534
 739,108905712853.989,1320.3109992900863,467.99999836366624,0.9799987310543656,0.4260073183104396
 740,108905813215.332,962.5209931982681,567.3209961969405,1.15700822789222,0.8249917300418019
 741,108905913610.065,839.7159981541336,573.2459976570681,1.086998963728547,0.4930043360218406
 742,108906013897.081,911.43800818827,929.1089954786003,1.2320087989792228,0.13998942449688911
 743,108906114538.407,670.9500012220815,369.0669982461259,1.1270021786913276,0.4019966581836343
 744,108906215097.34999,1333.4950053831562,1421.7970019672066,1.1560041457414627,0.45298656914383173
 745,108906315769.355,1131.5619922243059,714.2130052670836,1.4830002328380942,0.690997694619
 746,108906416150.778,660.3830115636811,666.9299909844995,1.314998371526599,0.8620118023827672
 747,108906516489.57501,1155.8959959074855,1871.774991741404,1.2920063454657793,0.4629982868209481
 748,108906617008.48601,1238.9740004437044,894.8709873948246,1.767999492585659,0.6600021151825786
 749,108906717480.296,1245.2939990907907,695.5409917281941,1.6639969544485211,0.790008925832808
 750,108906824508.782,3023.657001904212,9105.53100402467,0.6960035534575582,0.2519955160096288
 751,108906924948.98999,1469.65601015836,764.3809949513525,1.2219970813021064,1.2700038496404886
 752,108907025504.20601,615.0949920993298,371.2270117830485,0.7199996616691351,0.19199796952307224
 753,108907125916.883,945.1810037717223,492.6879919366911,0.8159986464306712,0.2690067049115896
 754,108907226280.655,649.9279988929629,352.48299536760896,0.5590118234977126,0.42399915400892496
 755,108907326737.853,622.9610007721931,310.07999496068805,0.8700008038431406,0.2550077624619007
 756,108907427088.947,662.2459914069623,5049.302999395877,1.2689997674897313,0.4809990059584379
 757,108907527384.867,677.9709947295487,576.3590015703812,0.7199996616691351,0.3180030034855008
 758,108907627652.73001,1532.8349982155487,412.2889949940145,0.7469934644177556,0.3820023266598582
 759,108907727988.114,557.7810079557821,595.4969965387136,0.4890025593340397,0.17299316823482513
 760,108907828346.451,712.5639967853203,359.60300010629,0.6990012479946017,0.6600021151825786
 761,108907928700.151,493.55901137460023,386.9219945045188,0.7930066203698516,0.46398781705647707
 762,108908029056.242,1260.0659974850714,993.970999843441,0.6089976523071527,0.30301453080028296
 763,108908129382.317,579.6030018245801,626.8639990594238,0.7759954314678907,0.690008164383471
 764,108908229854.07199,578.6020046798512,309.0660029556602,0.7829949026927352,0.2489978214725852
 765,108908330161.051,504.790004924871,305.0319937756285,0.5830079317092896,0.3809982445091009
 766,108908430438.478,974.4840062921867,1001.2319980887696,1.1420052032917738,0.21098821889609098
 767,108908530740.43999,584.3870021635666,314.764998620376,0.533007550984621,0.6579939508810639
 768,108908631043.85301,652.6099896291271,378.57700954191387,1.243999577127397,0.2979941200464964
 769,108908731529.058,1454.0809934260324,5081.531999167055,1.0799994925037026,0.38300640881061554
 770,108908831980.88,825.3449923358858,930.7140135206282,1.3089884305372834,0.5590118234977126
 771,108908932413.321,852.7960017090663,521.0199888097122,1.410007826052606,0.6229965947568417
 772,108909033046.483,1785.4710022220388,2560.3359972592443,1.2959935702383518,0.8189963409677148
 773,108909133584.529,1553.9900050498545,727.0089990925044,1.744992914609611,0.9500072337687016
 774,108909234048.446,1002.121003693901,644.1869918489829,1.2030068319290876,0.6729969754815102
 775,108909334546.66501,1357.0589944720268,1383.434995659627,0.733998604118824,0.23200118448585272
 776,108909434909.367,684.3390001449734,345.9089930402115,0.8260103641077876,0.3309978637844324
 777,108909535397.62999,1350.3439986379817,1671.211008215323,2.5939953047782183,0.9710056474432349
 778,108909635790.556,920.271995710209,480.6780052604154,1.1189986253157258,0.3400054993107915
 779,108909736265.232,959.5729934517294,1203.7700071232393,1.424996298737824,0.3860041033476591
 780,108909836661.859,744.8850083164871,783.8210003683344,1.1060037650167942,0.3829918568953872
 781,108909936984.674,899.8690027510747,1158.2750012166798,1.553999027237296,0.5629990482702851
 782,108910037434.34,1116.2519949721172,665.8790080109611,1.4830002328380942,0.4479952622205019
 783,108910137929.502,1014.8299916181713,1136.097009293735,0.7979979272931814,0.23900065571069717
 784,108910238278.144,767.0019986107945,608.4930064389482,0.6100017344579101,0.400003045797348
 785,108910338658.26001,1653.3709858777002,967.3610038589686,1.872002030722797,0.7640046533197165
 786,108910439169.20001,1292.5129994982854,1087.2220009332523,2.1029991330578923,1.5519908629357815
 787,108910539599.193,882.7590063447133,1348.3340007951483,1.0609946912154555,0.5970068741589785
 788,108910640087.572,995.8190057659522,1587.020989973098,1.1400115909054875,0.3210006980225444
 789,108910740425.70401,1445.3819894697517,497.6250056643039,0.9360082913190126,0.320986146107316
 790,108910841034.853,757.0199959445745,808.5470035439357,0.6600021151825786,0.1299922587350011
 791,108910941404.789,697.739000315778,593.4410000918433,0.7819908205419779,0.14800752978771925
 792,108911041798.45601,889.2199984984472,618.9199921209365,2.348999259993434,0.867003109306097
 793,108911142809.572,1058.9279991108924,709.8479982232675,0.6600021151825786,0.2360029611736536
 794,108911243284.586,1364.0459947055206,1635.38999913726,1.1530064512044191,0.40599843487143517
 795,108911343800.585,1322.0959954196587,1300.1890038140118,1.6319972928613424,0.6049958756193519
 796,108911444256.306,812.9649941110983,737.293012207374,0.8289935067296028,0.4580069798976183
 797,108911544695.09799,1388.192002195865,681.2339997850358,1.3490061974152923,0.8789938874542713
 798,108911645200.452,989.2840025713667,779.1289972374216,1.2540112948045135,0.5659967428073287
 799,108911745623.53401,836.9019924430177,792.6410034997389,1.4980032574385405,0.3789900802075863
 800,108911846022.295,890.2720001060516,859.8790009273216,1.15700822789222,0.5960027920082211
 801,108911946388.413,796.2160016177222,408.41600275598466,0.9409995982423425,0.40100712794810534
 802,108912046741.43399,748.5960086341947,653.8619927596301,0.7510097930207849,0.18900027498602867
 803,108912147154.257,606.7399954190478,465.1280032703653,0.6889895303174853,0.39800943341106176
 804,108912247637.317,827.6499866042286,1214.4780048402026,1.1939991964027286,0.7280032150447369
 805,108912348000.932,711.9569927453995,413.5019989917055,2.6400084607303143,0.5319889169186354
 806,108912448382.17299,789.6900060586631,716.986003681086,0.7729977369308472,0.27500209398567677
 807,108912548827.407,1147.8830128908157,1076.5209881355986,1.1970114428550005,0.4469911800697446
 808,108912649297.217,1119.0280056325719,2905.2040044916794,1.1459924280643463,0.35599805414676666
 809,108912749840.056,891.7619998101145,801.185000455007,1.110995071940124,0.34700497053563595
 810,108912850293.821,726.7570035764948,823.3169937739149,1.047999830916524,0.45100750867277384
 811,108912950597.929,1041.9589962111786,864.0640007797629,1.3540120562538505,0.7119961082935333
 812,108913051103.74901,1545.0039936695248,645.3240057453513,1.4699908206239343,0.3629975253716111
 813,108913151477.196,840.6949928030372,1075.6880074040964,0.9139912435784936,0.29700458981096745
 814,108913251934.039,852.5669982191175,551.2850038940087,1.5300029190257192,1.157997758127749
 815,108913352340.338,691.8150029378012,728.512997739017,0.8290080586448312,0.3619934432208538
 816,108913452691.649,1256.2159972731024,389.0210064128041,0.5449983291327953,0.23699249140918255
 817,108913553117.461,958.8360117049888,728.062994312495,0.6299960659816861,0.3309978637844324
 818,108913653503.53099,849.7300004819408,703.8700132397935,1.0359945008531213,0.3850000211969018
 819,108913753935.22601,913.8289897236973,566.9789970852435,1.47100945468992,1.0679941624403
 820,108913854968.125,1114.6500037284568,629.9669912550598,0.8680071914568543,0.2220040187239647
 821,108913955510.22601,1196.112993056886,3827.367996564135,2.3030006559565663,0.7920025382190943
 822,108914056066.739,1882.4480066541582,1290.847998461686,1.1800002539530396,0.5809997674077749
 823,108914156457.205,1048.374004312791,448.5139943426475,1.1090014595538378,0.5110050551593304
 824,108914256984.539,1215.1800037827343,715.0570017984137,2.83999543171376,0.8280039764940739
 825,108914358549.433,1311.2669985275716,1274.7089931508526,1.577005605213344,0.9960058378055692
 826,108914459173.269,1113.8830013806,593.5160006629303,1.534994225949049,0.7269991328939795
 827,108914559656.307,1117.318999604322,777.8430008329451,1.4749966794624925,0.7710041245445609
 828,108914660151.958,1173.1669947039336,833.712998428382,1.4640099834650755,1.0709918569773436
 829,108914760562.779,643.5809918912128,489.3610021099448,0.7710041245445609,0.7219932740554214
 830,108914860983.891,885.563000338152,1094.2239896394312,0.9930081432685256,0.23200118448585272
 831,108914961335.61801,605.6229904061183,419.3420027149841,0.7320049917325377,0.400003045797348
 832,108915061886.179,1333.5160037968308,866.2140025990084,1.5510013327002525,0.7839989848434925
 833,108915162297.339,687.9529973957688,426.2360016582534,0.8759961929172277,0.6839982233941555
 834,108915262669.80501,805.7789964368567,807.8740065684542,1.0889925761148334,0.23400934878736734
 835,108915363091.74,736.8569931713864,931.4810013165697,0.747008016332984,0.2799934009090066
 836,108915463536.39499,855.7420078432187,955.1830007694662,1.591004547663033,0.36798883229494095
 837,108915563960.56999,819.3440007744357,440.83599641453475,0.957006704993546,0.676998752169311
 838,108915666904.269,665.6539917457849,557.9429998761043,0.6350019248202443,0.44099579099565744
 839,108915772347.929,9981.732000596821,12890.048004919663,0.5189940566197038,0.13000681065022945
 840,108915873127.485,1906.8349938606843,402.6070091640577,1.2550008250400424,0.510990503244102
 841,108915973692.753,982.0190025493503,500.4439881304279,0.9260111255571246,0.5170004442334175
 842,108916074798.745,1527.8740029316396,544.4580019684508,0.9939976735040545,0.6319896783679724
 843,108916175590.905,2476.809997460805,569.8450113413855,0.9799987310543656,0.4210014594718814
 844,108916275838.477,570.7109958166257,305.7389985769987,0.8590141078457236,0.4279863787814975
 845,108916376249.953,939.4399967277423,821.8570001190528,1.1230004020035267,0.29600050766021013
 846,108916476595.067,662.2759974561632,458.7260045809671,0.8710048859938979,0.3269960870966315
 847,108916577465.117,1056.4719996182248,619.8339979164302,0.7659982657060027,0.3479945007711649
 848,108916677947.334,830.0930057885125,445.10699808597565,1.2090022210031748,0.633997842669487
 849,108916778417.439,819.5340051315725,1054.2209929553792,0.7150083547458053,0.27799978852272034
 850,108916878931.358,1142.6309938542545,1208.2780012860894,1.2509990483522415,0.3809982445091009
 851,108916979341.546,950.7619979558513,1011.3050084328279,0.9459909051656723,0.28000795282423496
 852,108917079745.85101,663.902988890186,393.6930006602779,0.967003870755434,0.5920010153204203
 853,108917180356.964,948.1939923716709,921.0660064127296,0.9429932106286287,0.4129979060962796
 854,108917280706.65201,651.9349990412593,632.5110007310286,0.5859910743311048,0.15601108316332102
 855,108917381266.91899,977.3430065251887,929.6490025008097,1.0029907571151853,0.2920132828876376
 856,108917481676.45,722.9100010590628,772.2699956502765,0.7460039341822267,0.21100277081131935
 857,108917582049.74599,680.4570002714172,639.4160009222105,0.600004568696022,0.13399403542280197
 858,108917682469.405,958.7579988874495,1185.7030040118843,0.9259965736418962,0.6110058166086674
 859,108917789195.90399,3875.173002597876,3572.738991351798,1.4500110410153866,0.48599031288176775
 860,108917889865.442,4841.353002120741,475.8289869641885,0.6890040822327137,0.3809982445091009
 861,108917992169.043,1198.6089957645163,1410.6699964031577,1.444001100026071,0.957006704993546
 862,108918093165.98201,1269.2729942500591,5031.583001255058,0.6100017344579101,0.15199475456029177
 863,108918193553.24301,908.8809893000871,871.039999765344,1.0540097719058394,0.36398705560714006
 864,108918293834.67299,816.4950122591108,403.91999937128276,0.777989043854177,0.3490131348371506
 865,108918394219.309,1284.721991396509,1002.4549992522225,1.1180090950801969,0.5189940566197038
 866,108918494667.563,1095.9899955196306,602.8000061633065,0.8699862519279122,0.32500247471034527
 867,108918595037.62401,712.8139986889437,405.9719940414652,0.9500072337687016,0.3949971869587898
 868,108918695381.731,813.876002212055,453.1559970928356,1.1250085663050413,0.4479952622205019
 869,108918795839.637,1044.6070082252845,569.6400039596483,1.153995981439948,1.0599906090646982
 870,108918896219.265,1041.9229947729036,434.16800326667726,0.9029899956658483,0.27799978852272034
 871,108918996689.568,876.406003953889,616.300996625796,1.0420044418424368,0.47699722927063704
 872,108919097141.269,1085.812007659115,765.7579990336671,1.1959928087890148,0.9290088200941682
 873,108919197531.926,748.0940112145618,839.5299955736846,0.8079950930550694,0.26600901037454605
 874,108919298201.874,668.0819933535531,385.88501047343016,0.6100017344579101,0.243991962634027
 875,108919398651.086,868.7539957463741,601.9310094416142,0.9189971024170518,0.5689944373443723
 876,108919499318.35701,1257.3759886436164,787.0750123402104,0.7799972081556916,0.6159971235319972
 877,108919599706.21399,704.6240061754361,452.36499863676727,0.9840005077421665,0.6030022632330656
 878,108919700096.612,727.0659989444539,417.9030074737966,0.9399955160915852,0.39199949242174625
 879,108919800460.35501,980.1969863474369,893.6590020311996,1.0270014172419906,0.4169996827840805
 880,108919900917.576,781.6680008545518,380.90700400061905,0.5289912223815918,0.3080058377236128
 881,108920001234.805,625.7340137381107,4119.851990253665,0.7210037438198924,0.35599805414676666
 882,108920101825.06,1191.261995700188,1598.0890020728111,1.1520023690536618,0.44099579099565744
 883,108920202184.858,960.4910010239109,762.6989972777665,1.0469957487657666,0.4169996827840805
 884,108920302584.83801,856.4460003981367,909.4179986277595,1.0939984349533916,0.3029999788850546
 885,108920403088.384,1009.6049954881892,1643.588999286294,1.4170072972774506,0.42800093069672585
 886,108920503442.955,650.5399942398071,626.1820090003312,0.7850030669942498,0.20398874767124653
 887,108920603869.552,1001.3819992309436,603.8260034983978,1.510998117737472,0.624000676907599
 888,108920704311.832,923.6250043613836,536.7169942473993,1.6849953681230545,0.6600021151825786
 889,108920804768.639,3126.144001726061,1808.889996027574,1.020001946017146,0.42399915400892496
 890,108920905302.601,902.7150081237778,518.0540028959513,1.1629890650510788,0.6540067261084914
 891,108921005799.399,968.9329890534282,1214.130999869667,1.310007064603269,0.5110050551593304
 892,108921106153.44499,936.7559978272766,651.2929976452142,0.9360082913190126,0.6649934221059084
 893,108921206673.974,59672.13000985794,4592.265991959721,1.1369993444532156,0.23000757209956646
 894,108921307081.641,2506.91499968525,747.62299482245,1.901003997772932,1.2230011634528637
 895,108921407580.311,927.5460033677518,393.6529974453151,0.867992639541626,0.3580062184482813
 896,108921508006.40399,930.9209999628365,1245.9440040402114,1.1460069799795747,0.3349996404722333
 897,108921609078.022,1940.6030041864142,1586.3040025578812,0.9369978215545416,0.27299392968416214
 898,108921709740.688,1083.5489956662059,1004.6529932878911,1.186999725177884,0.32399839255958796
 899,108921810091.262,685.8319975435734,405.72900616098195,0.6059999577701092,0.2579909050837159
 900,108921910543.193,836.2520020455122,515.134001034312,1.0590010788291693,0.46000059228390455
 901,108922011004.319,820.0619922718033,550.9809998329729,0.8979986887425184,0.300002284348011
 902,108922111439.224,922.4929963238537,695.8590092835948,0.7170019671320915,0.4659959813579917
 903,108922211971.02,1148.7829906400293,955.0250106258318,0.8279894245788455,0.22399763111025095
 904,108922312478.34999,943.4560051886365,1413.4090015431866,1.3599928934127092,0.5480105755850673
 905,108922412892.703,670.4730039928108,679.6450034016743,0.9549985406920314,0.3360037226229906
 906,108922513376.28299,907.0090018212795,973.6010106280446,0.7689959602430463,0.25899498723447323
 907,108922613828.684,1203.0520010739565,760.3120029671118,1.6870035324245691,0.8239876478910446
 908,108922714344.14299,1554.665999719873,1256.0850009322166,1.2030068319290876,0.27399801183491945
 909,108922814758.882,1336.0540033318102,631.025992333889,1.4690012903884053,0.6070040399208665
 910,108922915220.94499,946.0760047659278,502.598995808512,1.1490046745166183,0.4930043360218406
 911,108923015706.619,870.5600048415363,829.901997349225,0.8399947546422482,0.23000757209956646
 912,108923116103.76399,1335.9340082388371,877.0949934842065,1.3600074453279376,0.5519978003576398
 913,108923216549.608,811.4090014714748,775.9090076433495,0.9069917723536491,0.21500454749912024
 914,108923316872.553,685.9429995529354,335.36199771333486,0.6430054781958461,0.31899253372102976
 915,108923417269.957,745.7369938492775,598.7659969832748,1.0020012268796563,0.5280016921460629
 916,108923517645.864,1349.9339984264225,673.7219955539331,1.3829994713887572,0.624000676907599
 917,108923618083.45999,866.952002979815,764.0020048711449,1.0270014172419906,0.41798921301960945
 918,108923718509.29199,1038.1040046922863,1132.7340034767985,1.0719959391281009,0.34600088838487864
 919,108923818977.495,927.8920042561367,861.6709965281188,1.5629921108484268,0.7620110409334302
 920,108923919916.533,1061.585993738845,1294.3079927936196,1.0890071280300617,0.39199949242174625
 921,108924020349.97299,946.6110059292987,994.217989500612,1.1730007827281952,0.23300526663661003
 922,108924120890.46701,1116.2789887748659,695.3700067242607,2.054002834483981,0.7030030246824026
 923,108924221336.538,837.037994642742,438.85600462090224,0.8750066626816988,0.49998925533145666
 924,108924321802.962,867.8180020069703,403.91799120698124,0.8360075298696756,0.6479967851191759
 925,108924422237.227,879.2389999143779,421.65600461885333,1.0199873941019177,0.40201121009886265
 926,108924522698.437,767.4160005990416,509.48100397363305,0.814005034044385,0.7569906301796436
 927,108924623177.16,1185.189001262188,1000.289004878141,1.2119999155402184,0.3809982445091009
 928,108924723620.614,1320.5840077716857,741.7070009978488,1.6370031516999006,1.1849915608763695
 929,108924824241.86299,1559.1060073347762,949.6540005784482,1.4809920685365796,0.5940091796219349
 930,108924924763.30301,949.7379942331463,619.6239992277697,1.410007826052606,0.5799956852570176
 931,108925025441.783,900.7100015878677,1484.5690020592883,1.1179945431649685,0.4250032361596823
 932,108925125873.83,1183.0849980469793,778.1620079185814,1.348002115264535,0.9020004654303193
 933,108925226344.836,1110.3299912065268,1212.169008795172,1.448992406949401,0.5150068318471313
 934,108925326746.894,913.9829926425591,638.8420006260276,1.6859994502738118,0.6839982233941555
 935,108925427215.612,951.0469972155988,1279.540010727942,2.020999090746045,0.5049951141700149
 936,108925527728.468,733.1629894906655,446.3500081328675,0.7710041245445609,0.5449983291327953
 937,108925628231.596,1292.9030053783208,849.8109964421019,1.5510013327002525,0.857005943544209
 938,108925728789.97101,1423.8929870771244,1001.1260019382462,1.281005097553134,1.1280062608420849
 939,108925829364.818,3722.3530089249834,9818.704987992533,0.8830102160573006,0.2169981598854065
 940,108925929743.151,653.8409943459556,761.0540051246062,0.5969923222437501,0.3989989636465907
 941,108926030109.551,1052.7140111662447,350.10799183510244,0.5379988579079509,0.31400122679769993
 942,108926130620.276,942.6719916518778,795.8890055306256,1.7559941625222564,0.6840127753093839
 943,108926231039.077,1453.5369991790503,550.8350004674867,1.1390075087547302,0.7829949026927352
 944,108926331427.425,833.4430021932349,981.2389907892793,1.3180106179788709,0.5759939085692167
 945,108926431782.368,928.5289997933432,508.9710030006245,1.4429970178753138,0.6019981810823083
 946,108926532246.293,1285.2450017817318,1241.973994183354,1.2509990483522415,0.3720051608979702
 947,108926632724.612,1211.7789883632213,564.0180024784058,1.3719982234761119,0.7100024959072471
 948,108926733216.625,993.1350068654865,692.88098893594,1.4920078683644533,0.47800131142139435
 949,108926833773.875,1136.4149977453053,579.2000010842457,0.9070063242688775,0.49099617172032595
 950,108926934237.45299,747.5650054402649,505.70200255606323,1.1189986253157258,0.6019981810823083
 951,108927034688.246,1033.5130064049736,1254.8129889182746,2.3260072339326143,0.4809990059584379
 952,108927135087.265,1154.9600021680817,614.0430050436407,1.577005605213344,0.7279886631295085
 953,108927235581.201,1024.2389980703592,552.5159940589219,1.234002411365509,0.6600021151825786
 954,108927336728.806,1047.340003424324,1268.9169961959124,1.405001967214048,0.8019997039809823
 955,108927437168.55301,917.6049934467301,519.1530071897432,1.9180006347596645,0.6239861249923706
 956,108927537546.755,764.0510011697188,423.4649968566373,0.9789946489036083,0.3540044417604804
 957,108927637958.809,893.7539969338104,1281.0439948225394,2.2269960027188063,0.5340116331353784
 958,108927738376.721,848.9769970765337,1074.6160114649683,0.8629867807030678,0.39600126910954714
 959,108927838828.078,790.2840006863698,434.449000749737,0.8719944162294269,0.4799949238076806
 960,108927939257.35901,918.292993446812,509.6360109746456,0.9229988791048527,0.5929905455559492
 961,108928039679.22499,675.9930111002177,1889.3439992098138,0.5879992386326194,0.2640008460730314
 962,108928140204.741,1660.8670121058822,847.0569882774726,1.7800048226490617,0.6229965947568417
 963,108928240682.041,1475.8900069864467,659.8750042030588,1.5519908629357815,0.46000059228390455
 964,108928341346.37999,962.1409990359098,528.591001057066,1.2160016922280192,0.8380011422559619
 965,108928441952.831,1167.0110106933862,493.0499999318272,1.0619987733662128,0.4969915607944131
 966,108928542381.994,1643.8979946542531,677.7509988751262,0.981002813205123,0.42900501284748316
 967,108928642858.697,919.7180042974651,520.4759945627302,1.214008079841733,0.3989989636465907
 968,108928743300.00801,1009.1539879795164,610.5360080255195,1.291002263315022,0.5699985194951296
 969,108928843742.10901,709.2320010997355,617.3089932417497,0.7180060492828488,0.2619926817715168
 970,108928944291.974,1973.5000096261501,1178.915990749374,0.690997694619,0.20100560504943132
 971,108929044878.767,1671.1329953977838,664.3820088356733,0.877989805303514,0.4220055416226387
 972,108929145391.749,849.0659965900704,647.6600101450458,1.0099902283400297,0.39000588003546
 973,108929245995.653,1247.9590077418834,1267.3610035562888,1.253996742889285,0.5699985194951296
 974,108929346852.109,654.6400109073147,416.7769948253408,0.7999915396794677,0.5690089892596006
 975,108929447242.788,927.8170036850497,634.3410059344023,1.2089876690879464,0.4500034265220165
 976,108929547635.31,831.3220023410395,617.628000327386,0.9640061762183905,0.27799978852272034
 977,108929648206.53601,2217.916990048252,2160.226009436883,2.044995198957622,0.6600021151825786
 978,108929752923.153,614.5029910840094,755.0680020358413,0.44099579099565744,0.123007339425385
 979,108929853323.928,1090.0310007855296,526.6390071483329,0.9380019037052989,0.3070017555728555
 980,108929953778.59401,796.9519938342273,366.90800334326923,0.9729992598295212,0.39099541027098894
 981,108930054124.642,663.5289901169017,362.1760115493089,0.767991878092289,0.5580077413469553
 982,108930154657.14299,696.1220060475171,358.60399657394737,0.7390044629573822,0.5329929990693927
 983,108930255130.751,1122.9139927309006,768.1160059291869,1.5160039765760303,0.667001586407423
 984,108930355594.794,1019.7349911322817,2493.648004019633,1.5660043573006988,0.4809990059584379
 985,108930456060.874,1224.5740072103217,1027.4789965478703,1.7610000213608146,0.9619980119168758
 986,108930556452.78499,1083.8910093298182,1683.2679975777864,0.8170027285814285,0.2629967639222741
 987,108930656830.761,1448.2270053122193,716.9489981606603,0.8200004231184721,0.6899936124682426
 988,108930757346.226,1336.7039937293157,871.8610042706132,1.2789969332516193,0.4879984771832824
 989,108930857817.806,1668.013006565161,713.8799992389977,1.534994225949049,0.54700649343431
 990,108930958233.304,755.3479954367504,457.99900544807315,0.8979986887425184,0.5189940566197038
 991,108931058678.84201,1418.8899949658662,506.1410047346726,1.057996996678412,0.4619942046701908
 992,108931159085.688,655.6959997396916,536.4199896575883,0.7620110409334302,0.3749883035197854
 993,108931259425.664,1217.3209979664534,776.6799972159788,0.7950002327561378,0.28400972951203585
 994,108931359844.987,712.838998879306,563.8430011458695,0.7399939931929111,0.2820015652105212
 995,108931460180.517,606.5960042178631,387.09299406036735,0.6850023055449128,0.4080065991729498
 996,108931560623.337,1181.9589999504387,7778.8909984519705,1.3849930837750435,0.5420006345957518
 997,108931661022.866,1389.0279951738194,687.6490078866482,0.6210029823705554,0.17299316823482513
 998,108931761404.58899,931.8200027337298,611.6340082371607,1.344989868812263,0.9130017133429646
 999,108931861809.49,944.2669979762286,530.6689999997616,1.010004780255258,0.543994246982038
 1000,108931962259.045,890.8159943530336,1008.4180103149265,0.7709895726293325,0.2630113158375025
